time,Y4_sat,angle_setpoint
0.000646,0.000000,0.000000
0.001497,0.000000,0.000000
0.002507,0.000000,0.000000
0.003449,0.000000,0.000000
0.004434,0.000000,0.000000
0.005490,0.000000,0.000000
0.006475,0.000000,0.000000
0.007460,0.000000,0.000000
0.008453,0.000000,0.000000
0.009409,0.000000,0.000000
0.010416,0.000000,0.000000
0.011416,0.000000,0.000000
0.012480,0.000000,0.000000
0.013489,0.000000,0.000000
0.014429,0.000000,0.000000
0.015441,0.000000,0.000000
0.016420,0.000000,0.000000
0.017413,0.000000,0.000000
0.018443,0.000000,0.000000
0.019466,0.000000,0.000000
0.020789,0.000000,0.000000
0.021510,0.000000,0.000000
0.022429,0.000000,0.000000
0.023377,0.000000,0.000000
0.024414,0.000000,0.000000
0.025379,0.000000,0.000000
0.026551,0.000000,0.000000
0.027563,0.000000,0.000000
0.028476,0.000000,0.000000
0.029465,0.000000,0.000000
0.030386,0.000000,0.000000
0.031413,0.000000,0.000000
0.032406,0.000000,0.000000
0.033399,0.000000,0.000000
0.034416,0.000000,0.000000
0.035466,0.000000,0.000000
0.036414,0.000000,0.000000
0.037424,0.000000,0.000000
0.038469,0.000000,0.000000
0.039487,0.000000,0.000000
0.040659,0.000000,0.000000
0.041494,0.000000,0.000000
0.042459,0.000000,0.000000
0.043498,0.000000,0.000000
0.044505,0.000000,0.000000
0.045523,0.000000,0.000000
0.046396,0.000000,0.000000
0.047406,0.000000,0.000000
0.048668,0.000000,0.000000
0.049431,0.000000,0.000000
0.050428,0.000000,0.000000
0.051380,0.000000,0.000000
0.052392,0.000000,0.000000
0.053400,0.000000,0.000000
0.054432,0.000000,0.000000
0.055484,0.000000,0.000000
0.056423,0.000000,0.000000
0.057460,0.000000,0.000000
0.058675,0.000000,0.000000
0.059426,0.000000,0.000000
0.060467,0.000000,0.000000
0.061476,0.000000,0.000000
0.062443,0.000000,0.000000
0.063403,0.000000,0.000000
0.064438,0.000000,0.000000
0.065430,0.000000,0.000000
0.066402,0.000000,0.000000
0.067401,0.000000,0.000000
0.068541,0.000000,0.000000
0.069444,0.000000,0.000000
0.070415,0.000000,0.000000
0.071414,0.000000,0.000000
0.072396,0.000000,0.000000
0.073551,0.000000,0.000000
0.074451,0.000000,0.000000
0.075528,0.000000,0.000000
0.076592,0.000000,0.000000
0.077818,0.000000,0.000000
0.078487,0.000000,0.000000
0.079430,0.000000,0.000000
0.080442,0.000000,0.000000
0.081411,0.000000,0.000000
0.082460,0.000000,0.000000
0.083440,0.000000,0.000000
0.084434,0.000000,0.000000
0.085427,0.000000,0.000000
0.086400,0.000000,0.000000
0.087401,0.000000,0.000000
0.088478,0.000000,0.000000
0.089650,0.000000,0.000000
0.090427,0.000000,0.000000
0.091487,0.000000,0.000000
0.092466,0.000000,0.000000
0.093415,0.000000,0.000000
0.094433,0.000000,0.000000
0.095403,0.000000,0.000000
0.096475,0.000000,0.000000
0.097465,0.000000,0.000000
0.098462,0.000000,0.000000
0.099464,0.000000,0.000000
0.100447,0.000000,0.000000
0.101412,0.000000,0.000000
0.102372,0.000000,0.000000
0.103465,0.000000,0.000000
0.104529,0.000000,0.000000
0.105468,0.000000,0.000000
0.106464,0.000000,0.000000
0.107590,0.000000,0.000000
0.108439,0.000000,0.000000
0.109482,0.000000,0.000000
0.110673,0.000000,0.000000
0.111489,0.000000,0.000000
0.112431,0.000000,0.000000
0.113419,0.000000,0.000000
0.114409,0.000000,0.000000
0.115414,0.000000,0.000000
0.116384,0.000000,0.000000
0.117719,0.000000,0.000000
0.118483,0.000000,0.000000
0.119410,0.000000,0.000000
0.120433,0.000000,0.000000
0.121390,0.000000,0.000000
0.122465,0.000000,0.000000
0.123421,0.000000,0.000000
0.124483,0.000000,0.000000
0.125487,0.000000,0.000000
0.126470,0.000000,0.000000
0.127445,0.000000,0.000000
0.128503,0.000000,0.000000
0.129429,0.000000,0.000000
0.130438,0.000000,0.000000
0.131446,0.000000,0.000000
0.132410,0.000000,0.000000
0.133414,0.000000,0.000000
0.134390,0.000000,0.000000
0.135382,0.000000,0.000000
0.136428,0.000000,0.000000
0.137420,0.000000,0.000000
0.138507,0.000000,0.000000
0.139442,0.000000,0.000000
0.140421,0.000000,0.000000
0.141406,0.000000,0.000000
0.142430,0.000000,0.000000
0.143388,0.000000,0.000000
0.144418,0.000000,0.000000
0.145450,0.000000,0.000000
0.146394,0.000000,0.000000
0.147408,0.000000,0.000000
0.148442,0.000000,0.000000
0.149403,0.000000,0.000000
0.150369,0.000000,0.000000
0.151415,0.000000,0.000000
0.152620,0.000000,0.000000
0.153519,0.000000,0.000000
0.154504,0.000000,0.000000
0.155454,0.000000,0.000000
0.156469,0.000000,0.000000
0.157646,0.000000,0.000000
0.158460,0.000000,0.000000
0.159504,0.000000,0.000000
0.160410,0.000000,0.000000
0.161439,0.000000,0.000000
0.162416,0.000000,0.000000
0.163400,0.000000,0.000000
0.164405,0.000000,0.000000
0.165491,0.000000,0.000000
0.166470,0.000000,0.000000
0.167467,0.000000,0.000000
0.168483,0.000000,0.000000
0.169429,0.000000,0.000000
0.170485,0.000000,0.000000
0.171463,0.000000,0.000000
0.172473,0.000000,0.000000
0.173561,0.000000,0.000000
0.174548,0.000000,0.000000
0.175447,0.000000,0.000000
0.176395,0.000000,0.000000
0.177370,0.000000,0.000000
0.178406,0.000000,0.000000
0.179379,0.000000,0.000000
0.180464,0.000000,0.000000
0.181463,0.000000,0.000000
0.182424,0.000000,0.000000
0.183470,0.000000,0.000000
0.184413,0.000000,0.000000
0.185408,0.000000,0.000000
0.186530,0.000000,0.000000
0.187489,0.000000,0.000000
0.188447,0.000000,0.000000
0.189446,0.000000,0.000000
0.190448,0.000000,0.000000
0.191472,0.000000,0.000000
0.192475,0.000000,0.000000
0.193694,0.000000,0.000000
0.194476,0.000000,0.000000
0.195421,0.000000,0.000000
0.196412,0.000000,0.000000
0.197445,0.000000,0.000000
0.198397,0.000000,0.000000
0.199397,0.000000,0.000000
0.200508,0.000000,0.000000
0.201487,0.000000,0.000000
0.202436,0.000000,0.000000
0.203443,0.000000,0.000000
0.204392,0.000000,0.000000
0.205382,0.000000,0.000000
0.206385,0.000000,0.000000
0.207497,0.000000,0.000000
0.208541,0.000000,0.000000
0.209450,0.000000,0.000000
0.210474,0.000000,0.000000
0.211397,0.000000,0.000000
0.212412,0.000000,0.000000
0.213401,0.000000,0.000000
0.214447,0.000000,0.000000
0.215400,0.000000,0.000000
0.216522,0.000000,0.000000
0.217422,0.000000,0.000000
0.218412,0.000000,0.000000
0.219406,0.000000,0.000000
0.220410,0.000000,0.000000
0.221407,0.000000,0.000000
0.222402,0.000000,0.000000
0.223480,0.000000,0.000000
0.224373,0.000000,0.000000
0.225471,0.000000,0.000000
0.226413,0.000000,0.000000
0.227461,0.000000,0.000000
0.228696,0.000000,0.000000
0.229453,0.000000,0.000000
0.230450,0.000000,0.000000
0.231446,0.000000,0.000000
0.232414,0.000000,0.000000
0.233399,0.000000,0.000000
0.234379,0.000000,0.000000
0.235439,0.000000,0.000000
0.236439,0.000000,0.000000
0.237433,0.000000,0.000000
0.238465,0.000000,0.000000
0.239395,0.000000,0.000000
0.240374,0.000000,0.000000
0.241444,0.000000,0.000000
0.242494,0.000000,0.000000
0.243451,0.000000,0.000000
0.244468,0.000000,0.000000
0.245427,0.000000,0.000000
0.246436,0.000000,0.000000
0.247502,0.000000,0.000000
0.248452,0.000000,0.000000
0.249437,0.000000,0.000000
0.250424,0.000000,0.000000
0.251419,0.000000,0.000000
0.252466,0.000000,0.000000
0.253413,0.000000,0.000000
0.254402,0.000000,0.000000
0.255394,0.000000,0.000000
0.256467,0.000000,0.000000
0.257441,0.000000,0.000000
0.258470,0.000000,0.000000
0.259387,0.000000,0.000000
0.260410,0.000000,0.000000
0.261391,0.000000,0.000000
0.262420,0.000000,0.000000
0.263506,0.000000,0.000000
0.264410,0.000000,0.000000
0.265413,0.000000,0.000000
0.266395,0.000000,0.000000
0.267379,0.000000,0.000000
0.268390,0.000000,0.000000
0.269471,0.000000,0.000000
0.270476,0.000000,0.000000
0.271509,0.000000,0.000000
0.272425,0.000000,0.000000
0.273417,0.000000,0.000000
0.274426,0.000000,0.000000
0.275384,0.000000,0.000000
0.276410,0.000000,0.000000
0.277546,0.000000,0.000000
0.278533,0.000000,0.000000
0.279508,0.000000,0.000000
0.280433,0.000000,0.000000
0.281386,0.000000,0.000000
0.282419,0.000000,0.000000
0.283417,0.000000,0.000000
0.284415,0.000000,0.000000
0.285416,0.000000,0.000000
0.286387,0.000000,0.000000
0.287467,0.000000,0.000000
0.288395,0.000000,0.000000
0.289405,0.000000,0.000000
0.290487,0.000000,0.000000
0.291541,0.000000,0.000000
0.292469,0.000000,0.000000
0.293435,0.000000,0.000000
0.294473,0.000000,0.000000
0.295382,0.000000,0.000000
0.296419,0.000000,0.000000
0.297440,0.000000,0.000000
0.298468,0.000000,0.000000
0.299436,0.000000,0.000000
0.300416,0.000000,0.000000
0.301388,0.000000,0.000000
0.302418,0.000000,0.000000
0.303382,0.000000,0.000000
0.304419,0.000000,0.000000
0.305435,0.000000,0.000000
0.306416,0.000000,0.000000
0.307461,0.000000,0.000000
0.308399,0.000000,0.000000
0.309425,0.000000,0.000000
0.310501,0.000000,0.000000
0.311474,0.000000,0.000000
0.312416,0.000000,0.000000
0.313414,0.000000,0.000000
0.314447,0.000000,0.000000
0.315423,0.000000,0.000000
0.316407,0.000000,0.000000
0.317442,0.000000,0.000000
0.318485,0.000000,0.000000
0.319432,0.000000,0.000000
0.320407,0.000000,0.000000
0.321398,0.000000,0.000000
0.322379,0.000000,0.000000
0.323400,0.000000,0.000000
0.324406,0.000000,0.000000
0.325417,0.000000,0.000000
0.326505,0.000000,0.000000
0.327401,0.000000,0.000000
0.328395,0.000000,0.000000
0.329443,0.000000,0.000000
0.330408,0.000000,0.000000
0.331398,0.000000,0.000000
0.332437,0.000000,0.000000
0.333442,0.000000,0.000000
0.334483,0.000000,0.000000
0.335420,0.000000,0.000000
0.336412,0.000000,0.000000
0.337481,0.000000,0.000000
0.338465,0.000000,0.000000
0.339513,0.000000,0.000000
0.340460,0.000000,0.000000
0.341838,0.000000,0.000000
0.342469,0.000000,0.000000
0.343407,0.000000,0.000000
0.344384,0.000000,0.000000
0.345383,0.000000,0.000000
0.346463,0.000000,0.000000
0.347413,0.000000,0.000000
0.348451,0.000000,0.000000
0.349416,0.000000,0.000000
0.350411,0.000000,0.000000
0.351418,0.000000,0.000000
0.352388,0.000000,0.000000
0.353559,0.000000,0.000000
0.354476,0.000000,0.000000
0.355447,0.000000,0.000000
0.356444,0.000000,0.000000
0.357627,0.000000,0.000000
0.358424,0.000000,0.000000
0.359381,0.000000,0.000000
0.360434,0.000000,0.000000
0.361489,0.000000,0.000000
0.362444,0.000000,0.000000
0.363411,0.000000,0.000000
0.364402,0.000000,0.000000
0.365395,0.000000,0.000000
0.366394,0.000000,0.000000
0.367391,0.000000,0.000000
0.368455,0.000000,0.000000
0.369392,0.000000,0.000000
0.370412,0.000000,0.000000
0.371398,0.000000,0.000000
0.372446,0.000000,0.000000
0.373656,0.000000,0.000000
0.374508,0.000000,0.000000
0.375472,0.000000,0.000000
0.376425,0.000000,0.000000
0.377401,0.000000,0.000000
0.378470,0.000000,0.000000
0.379434,0.000000,0.000000
0.380423,0.000000,0.000000
0.381505,0.000000,0.000000
0.382415,0.000000,0.000000
0.383403,0.000000,0.000000
0.384402,0.000000,0.000000
0.385367,0.000000,0.000000
0.386395,0.000000,0.000000
0.387435,0.000000,0.000000
0.388537,0.000000,0.000000
0.389455,0.000000,0.000000
0.390455,0.000000,0.000000
0.391456,0.000000,0.000000
0.392689,0.000000,0.000000
0.393410,0.000000,0.000000
0.394389,0.000000,0.000000
0.395551,0.000000,0.000000
0.396417,0.000000,0.000000
0.397436,0.000000,0.000000
0.398407,0.000000,0.000000
0.399413,0.000000,0.000000
0.400413,0.000000,0.000000
0.401452,0.000000,0.000000
0.402444,0.000000,0.000000
0.403402,0.000000,0.000000
0.404394,0.000000,0.000000
0.405417,0.000000,0.000000
0.406414,0.000000,0.000000
0.407407,0.000000,0.000000
0.408490,0.000000,0.000000
0.409521,0.000000,0.000000
0.410472,0.000000,0.000000
0.411425,0.000000,0.000000
0.412513,0.000000,0.000000
0.413451,0.000000,0.000000
0.414403,0.000000,0.000000
0.415469,0.000000,0.000000
0.416479,0.000000,0.000000
0.417464,0.000000,0.000000
0.418420,0.000000,0.000000
0.419412,0.000000,0.000000
0.420434,0.000000,0.000000
0.421449,0.000000,0.000000
0.422443,0.000000,0.000000
0.423437,0.000000,0.000000
0.424413,0.000000,0.000000
0.425449,0.000000,0.000000
0.426424,0.000000,0.000000
0.427511,0.000000,0.000000
0.428443,0.000000,0.000000
0.429420,0.000000,0.000000
0.430442,0.000000,0.000000
0.431419,0.000000,0.000000
0.432387,0.000000,0.000000
0.433401,0.000000,0.000000
0.434410,0.000000,0.000000
0.435382,0.000000,0.000000
0.436514,0.000000,0.000000
0.437586,0.000000,0.000000
0.438482,0.000000,0.000000
0.439446,0.000000,0.000000
0.440437,0.000000,0.000000
0.441414,0.000000,0.000000
0.442384,0.000000,0.000000
0.443431,0.000000,0.000000
0.444408,0.000000,0.000000
0.445434,0.000000,0.000000
0.446381,0.000000,0.000000
0.447410,0.000000,0.000000
0.448377,0.000000,0.000000
0.449378,0.000000,0.000000
0.450644,0.000000,0.000000
0.451491,0.000000,0.000000
0.452406,0.000000,0.000000
0.453391,0.000000,0.000000
0.454403,0.000000,0.000000
0.455372,0.000000,0.000000
0.456417,0.000000,0.000000
0.457494,0.000000,0.000000
0.458528,0.000000,0.000000
0.459500,0.000000,0.000000
0.460641,0.000000,0.000000
0.461458,0.000000,0.000000
0.462471,0.000000,0.000000
0.463399,0.000000,0.000000
0.464467,0.000000,0.000000
0.465432,0.000000,0.000000
0.466413,0.000000,0.000000
0.467454,0.000000,0.000000
0.468407,0.000000,0.000000
0.469408,0.000000,0.000000
0.470403,0.000000,0.000000
0.471402,0.000000,0.000000
0.472433,0.000000,0.000000
0.473420,0.000000,0.000000
0.474412,0.000000,0.000000
0.475379,0.000000,0.000000
0.476419,0.000000,0.000000
0.477452,0.000000,0.000000
0.478625,0.000000,0.000000
0.479456,0.000000,0.000000
0.480441,0.000000,0.000000
0.481554,0.000000,0.000000
0.482465,0.000000,0.000000
0.483429,0.000000,0.000000
0.484416,0.000000,0.000000
0.485548,0.000000,0.000000
0.486447,0.000000,0.000000
0.487486,0.000000,0.000000
0.488468,0.000000,0.000000
0.489450,0.000000,0.000000
0.490390,0.000000,0.000000
0.491399,0.000000,0.000000
0.492482,0.000000,0.000000
0.493454,0.000000,0.000000
0.494433,0.000000,0.000000
0.495415,0.000000,0.000000
0.496408,0.000000,0.000000
0.497472,0.000000,0.000000
0.498455,0.000000,0.000000
0.499617,0.000000,0.000000
0.500707,0.000000,0.000000
0.501519,0.000000,0.000000
0.502505,0.000000,0.000000
0.503437,0.000000,0.000000
0.504394,0.000000,0.000000
0.505404,0.000000,0.000000
0.506460,0.000000,0.000000
0.507437,0.000000,0.000000
0.508442,0.000000,0.000000
0.509379,0.000000,0.000000
0.510379,0.000000,0.000000
0.511459,0.000000,0.000000
0.512405,0.000000,0.000000
0.513431,0.000000,0.000000
0.514494,0.000000,0.000000
0.515420,0.000000,0.000000
0.516414,0.000000,0.000000
0.517475,0.000000,0.000000
0.518395,0.000000,0.000000
0.519394,0.000000,0.000000
0.520504,0.000000,0.000000
0.521404,0.000000,0.000000
0.522404,0.000000,0.000000
0.523414,0.000000,0.000000
0.524382,0.000000,0.000000
0.525422,0.000000,0.000000
0.526467,0.000000,0.000000
0.527476,0.000000,0.000000
0.528459,0.000000,0.000000
0.529608,0.000000,0.000000
0.530502,0.000000,0.000000
0.531580,0.000000,0.000000
0.532417,0.000000,0.000000
0.533430,0.000000,0.000000
0.534454,0.000000,0.000000
0.535495,0.000000,0.000000
0.536530,0.000000,0.000000
0.537447,0.000000,0.000000
0.538401,0.000000,0.000000
0.539395,0.000000,0.000000
0.540474,0.000000,0.000000
0.541433,0.000000,0.000000
0.542453,0.000000,0.000000
0.543375,0.000000,0.000000
0.544403,0.000000,0.000000
0.545386,0.000000,0.000000
0.546434,0.000000,0.000000
0.547527,0.000000,0.000000
0.548501,0.000000,0.000000
0.549449,0.000000,0.000000
0.550412,0.000000,0.000000
0.551455,0.000000,0.000000
0.552371,0.000000,0.000000
0.553417,0.000000,0.000000
0.554526,0.000000,0.000000
0.555478,0.000000,0.000000
0.556443,0.000000,0.000000
0.557410,0.000000,0.000000
0.558428,0.000000,0.000000
0.559383,0.000000,0.000000
0.560404,0.000000,0.000000
0.561563,0.000000,0.000000
0.562609,0.000000,0.000000
0.563628,0.000000,0.000000
0.564517,0.000000,0.000000
0.565449,0.000000,0.000000
0.566472,0.000000,0.000000
0.567510,0.000000,0.000000
0.568618,0.000000,0.000000
0.569499,0.000000,0.000000
0.570417,0.000000,0.000000
0.571443,0.000000,0.000000
0.572406,0.000000,0.000000
0.573397,0.000000,0.000000
0.574401,0.000000,0.000000
0.575622,0.000000,0.000000
0.576516,0.000000,0.000000
0.577403,0.000000,0.000000
0.578452,0.000000,0.000000
0.579518,0.000000,0.000000
0.580526,0.000000,0.000000
0.581450,0.000000,0.000000
0.582521,0.000000,0.000000
0.583608,0.000000,0.000000
0.584483,0.000000,0.000000
0.585421,0.000000,0.000000
0.586418,0.000000,0.000000
0.587387,0.000000,0.000000
0.588394,0.000000,0.000000
0.589443,0.000000,0.000000
0.590457,0.000000,0.000000
0.591467,0.000000,0.000000
0.592408,0.000000,0.000000
0.593400,0.000000,0.000000
0.594417,0.000000,0.000000
0.595415,0.000000,0.000000
0.596475,0.000000,0.000000
0.597475,0.000000,0.000000
0.598442,0.000000,0.000000
0.599431,0.000000,0.000000
0.600418,0.000000,0.000000
0.601478,0.000000,0.000000
0.602432,0.000000,0.000000
0.603589,0.000000,0.000000
0.604416,0.000000,0.000000
0.605431,0.000000,0.000000
0.606425,0.000000,0.000000
0.607406,0.000000,0.000000
0.608431,0.000000,0.000000
0.609453,0.000000,0.000000
0.610603,0.000000,0.000000
0.611555,0.000000,0.000000
0.612480,0.000000,0.000000
0.613539,0.000000,0.000000
0.614432,0.000000,0.000000
0.615459,0.000000,0.000000
0.616488,0.000000,0.000000
0.617807,0.000000,0.000000
0.618589,0.000000,0.000000
0.619441,0.000000,0.000000
0.620404,0.000000,0.000000
0.621440,0.000000,0.000000
0.622413,0.000000,0.000000
0.623412,0.000000,0.000000
0.624468,0.000000,0.000000
0.625423,0.000000,0.000000
0.626499,0.000000,0.000000
0.627494,0.000000,0.000000
0.628435,0.000000,0.000000
0.629396,0.000000,0.000000
0.630482,0.000000,0.000000
0.631674,99.998901,0.000000
0.632444,0.000524,100.000000
0.633446,0.010039,100.000000
0.634444,0.040944,100.000000
0.635432,0.100765,100.000000
0.636404,0.183178,100.000000
0.637452,0.265165,100.000000
0.638544,0.330362,100.000000
0.639443,0.366295,100.000000
0.640418,0.396787,100.000000
0.641422,0.438093,100.000000
0.642442,0.503958,100.000000
0.643436,0.598085,100.000000
0.644475,0.722312,100.000000
0.645442,0.884871,100.000000
0.646471,1.076415,100.000000
0.647414,1.302831,100.000000
0.648422,1.563750,100.000000
0.649415,1.852379,100.000000
0.650453,2.169283,100.000000
0.651524,2.512554,100.000000
0.652498,2.899096,100.000000
0.653413,3.282559,100.000000
0.654408,3.694338,100.000000
0.655405,4.125227,100.000000
0.656398,4.573658,100.000000
0.657445,5.052198,100.000000
0.658506,5.546307,100.000000
0.659517,6.054621,100.000000
0.660546,6.560685,100.000000
0.661649,7.057230,100.000000
0.662443,7.594806,100.000000
0.663481,8.126018,100.000000
0.664456,8.681900,100.000000
0.665439,9.229332,100.000000
0.666476,9.794880,100.000000
0.667488,10.367031,100.000000
0.668466,10.950900,100.000000
0.669394,11.511623,100.000000
0.670409,12.094351,100.000000
0.671456,12.687407,100.000000
0.672580,13.296384,100.000000
0.673631,13.927042,100.000000
0.674627,14.513935,100.000000
0.675538,15.115734,100.000000
0.676430,15.702353,100.000000
0.677410,16.309467,100.000000
0.678394,16.918926,100.000000
0.679434,17.530533,100.000000
0.680465,18.186687,100.000000
0.681485,18.783848,100.000000
0.682467,19.394766,100.000000
0.683430,20.019400,100.000000
0.684392,20.633123,100.000000
0.685430,21.260363,100.000000
0.686434,21.882584,100.000000
0.687430,22.530535,100.000000
0.688438,23.154747,100.000000
0.689430,23.779818,100.000000
0.690472,24.405659,100.000000
0.691585,25.094278,100.000000
0.692449,25.671831,100.000000
0.693655,26.324501,100.000000
0.694562,26.952860,100.000000
0.695491,27.581690,100.000000
0.696554,28.223446,100.000000
0.697435,28.828196,100.000000
0.698388,29.452003,100.000000
0.699401,30.094891,100.000000
0.700467,30.725592,100.000000
0.701479,31.369078,100.000000
0.702411,32.000313,100.000000
0.703437,32.625542,100.000000
0.704414,33.263508,100.000000
0.705386,33.901630,100.000000
0.706392,34.533710,100.000000
0.707482,35.178482,100.000000
0.708457,35.829536,100.000000
0.709476,36.462173,100.000000
0.710500,37.107338,100.000000
0.711411,37.714920,100.000000
0.712434,38.347836,100.000000
0.713407,38.999660,100.000000
0.714665,39.657753,100.000000
0.715483,40.265705,100.000000
0.716387,40.898727,100.000000
0.717417,41.532120,100.000000
0.718421,42.171799,100.000000
0.719380,42.805206,100.000000
0.720409,43.444885,100.000000
0.721511,44.103378,100.000000
0.722477,44.736786,100.000000
0.723493,45.363922,100.000000
0.724405,45.997330,100.000000
0.725403,46.624550,100.000000
0.726401,47.264618,100.000000
0.727381,47.898411,100.000000
0.728416,48.544754,100.000000
0.729442,49.178547,100.000000
0.730415,49.818615,100.000000
0.731402,50.452408,100.000000
0.732403,51.086201,100.000000
0.733395,51.726269,100.000000
0.734417,52.360062,100.000000
0.735440,53.012680,100.000000
0.736414,53.640198,100.000000
0.737408,54.273991,100.000000
0.738540,54.964260,100.000000
0.739525,55.560402,100.000000
0.740437,56.187920,100.000000
0.741445,56.846813,100.000000
0.742499,57.486881,100.000000
0.743533,58.114399,100.000000
0.744556,58.760742,100.000000
0.745499,59.388260,100.000000
0.746415,60.009502,100.000000
0.747398,60.649570,100.000000
0.748397,61.283363,100.000000
0.749457,61.942257,100.000000
0.750466,62.569775,100.000000
0.751505,63.228668,100.000000
0.752389,63.831085,100.000000
0.753402,64.471443,100.000000
0.754447,65.105621,100.000000
0.755446,65.752357,100.000000
0.756528,66.411652,100.000000
0.757437,67.026993,100.000000
0.758444,67.667450,100.000000
0.759400,68.301628,100.000000
0.760392,68.929527,100.000000
0.761413,69.576263,100.000000
0.762438,70.204163,100.000000
0.763634,70.888573,100.000000
0.764399,71.485077,100.000000
0.765402,72.125534,100.000000
0.766398,72.759712,100.000000
0.767472,73.400169,100.000000
0.768552,74.059464,100.000000
0.769431,74.674805,100.000000
0.770434,75.327820,100.000000
0.771542,75.999672,100.000000
0.772439,76.583618,100.000000
0.773446,77.224075,100.000000
0.774395,77.858253,100.000000
0.775401,78.498711,100.000000
0.776501,79.126610,100.000000
0.777524,79.804741,100.000000
0.778541,80.451477,100.000000
0.779411,81.047981,100.000000
0.780462,81.707275,100.000000
0.781409,82.328896,100.000000
0.782384,82.956795,100.000000
0.783439,83.590973,100.000000
0.784487,84.250267,100.000000
0.785465,84.878166,100.000000
0.786490,85.524902,100.000000
0.787422,86.152802,100.000000
0.788437,86.786980,100.000000
0.789567,87.439995,100.000000
0.790552,88.086731,100.000000
0.791555,88.733467,100.000000
0.792448,89.355087,100.000000
0.793454,89.970428,100.000000
0.794454,90.623444,100.000000
0.795528,91.282738,100.000000
0.796412,91.891800,100.000000
0.797494,92.538536,100.000000
0.798504,93.204109,100.000000
0.799432,93.800613,100.000000
0.800423,94.447350,100.000000
0.801439,95.081528,100.000000
0.802406,95.709427,100.000000
0.803409,96.356163,100.000000
0.804419,96.990341,100.000000
0.805478,97.643356,100.000000
0.806474,98.277534,100.000000
0.807499,98.911713,100.000000
0.808468,99.545891,100.000000
0.809411,100.180069,100.000000
0.810424,100.820526,100.000000
0.811478,101.448425,100.000000
0.812439,102.101440,100.000000
0.813468,102.748177,100.000000
0.814441,103.376076,100.000000
0.815430,103.997696,100.000000
0.816773,104.694664,100.000000
0.817652,105.310005,100.000000
0.818485,105.937904,100.000000
0.819438,106.553246,100.000000
0.820411,107.193703,100.000000
0.821389,107.821602,100.000000
0.822395,108.462059,100.000000
0.823413,109.096237,100.000000
0.824402,109.736694,100.000000
0.825403,110.377151,100.000000
0.826538,111.030167,100.000000
0.827409,111.651787,100.000000
0.828416,112.292244,100.000000
0.829393,112.926422,100.000000
0.830387,113.560600,100.000000
0.831390,114.194778,100.000000
0.832420,114.841515,100.000000
0.833431,115.488251,100.000000
0.834411,116.116150,100.000000
0.835429,116.762886,100.000000
0.836409,117.397064,100.000000
0.837438,118.031242,100.000000
0.838445,118.677979,100.000000
0.839602,119.318436,100.000000
0.840479,119.952614,100.000000
0.841475,120.580513,100.000000
0.842580,121.233528,100.000000
0.843425,121.855148,100.000000
0.844413,122.489326,100.000000
0.845409,123.136063,100.000000
0.846422,123.763962,100.000000
0.847427,124.410698,100.000000
0.848434,125.038597,100.000000
0.849417,125.679054,100.000000
0.850405,126.313232,100.000000
0.851394,126.947411,100.000000
0.852412,127.594147,100.000000
0.853440,128.234314,100.000000
0.854485,128.880264,100.000000
0.855413,129.501129,100.000000
0.856432,130.147079,100.000000
0.857412,130.780487,100.000000
0.858421,131.413895,100.000000
0.859417,132.053574,100.000000
0.860678,132.718338,100.000000
0.861602,133.358017,100.000000
0.862402,133.966339,100.000000
0.863414,134.606018,100.000000
0.864414,135.239426,100.000000
0.865411,135.879105,100.000000
0.866437,136.506241,100.000000
0.867542,137.158463,100.000000
0.868415,137.791870,100.000000
0.869399,138.425278,100.000000
0.870473,139.058685,100.000000
0.871416,139.692093,100.000000
0.872431,140.331772,100.000000
0.873415,140.965179,100.000000
0.874457,141.623672,100.000000
0.875401,142.244537,100.000000
0.876437,142.890488,100.000000
0.877406,143.517624,100.000000
0.878405,144.151031,100.000000
0.879591,144.790710,100.000000
0.880395,145.430389,100.000000
0.881479,146.088882,100.000000
0.882445,146.716019,100.000000
0.883413,147.343155,100.000000
0.884402,147.976562,100.000000
0.885391,148.609970,100.000000
0.886405,149.249649,100.000000
0.887404,149.883057,100.000000
0.888470,150.554092,100.000000
0.889440,151.174957,100.000000
0.890518,151.814636,100.000000
0.891471,152.460587,100.000000
0.892456,153.087723,100.000000
0.893493,153.714859,100.000000
0.894597,154.354538,100.000000
0.895545,155.006760,100.000000
0.896646,155.640167,100.000000
0.897448,156.261032,100.000000
0.898425,156.900711,100.000000
0.899393,157.527847,100.000000
0.900402,158.161255,100.000000
0.901468,158.807205,100.000000
0.902452,159.453156,100.000000
0.903427,160.080292,100.000000
0.904398,160.707428,100.000000
0.905410,161.347107,100.000000
0.906391,161.980515,100.000000
0.907408,162.620193,100.000000
0.908419,163.253601,100.000000
0.909601,163.930908,100.000000
0.910606,164.558044,100.000000
0.911476,165.191452,100.000000
0.912435,165.812317,100.000000
0.913435,166.445724,100.000000
0.914393,167.079132,100.000000
0.915588,167.775253,100.000000
0.916488,168.371033,100.000000
0.917436,168.991898,100.000000
0.918420,169.631577,100.000000
0.919407,170.264984,100.000000
0.920397,170.898392,100.000000
0.921418,171.538071,100.000000
0.922435,172.177750,100.000000
0.923392,172.811157,100.000000
0.924435,173.450836,100.000000
0.925493,174.090515,100.000000
0.926459,174.730194,100.000000
0.927498,175.382416,100.000000
0.928454,176.015823,100.000000
0.929572,176.649231,100.000000
0.930807,177.370438,100.000000
0.931640,177.997574,100.000000
0.932474,178.568268,100.000000
0.933515,179.195404,100.000000
0.934450,179.816269,100.000000
0.935402,180.449677,100.000000
0.936447,181.089355,100.000000
0.937474,181.760391,100.000000
0.938466,182.374985,100.000000
0.939469,183.020935,100.000000
0.940438,183.641800,100.000000
0.941574,184.306564,100.000000
0.942456,184.921158,100.000000
0.943410,185.554565,100.000000
0.944436,186.194244,100.000000
0.945413,186.827652,100.000000
0.946501,187.461060,100.000000
0.947500,188.113281,100.000000
0.948411,188.734146,100.000000
0.949400,189.367554,100.000000
0.950418,190.007233,100.000000
0.951404,190.646576,100.000000
0.952403,191.276855,100.000000
0.953459,191.908691,100.000000
0.954441,192.533264,100.000000
0.955421,193.133011,100.000000
0.956637,193.720245,100.000000
0.957502,194.274673,100.000000
0.958568,194.778046,100.000000
0.959446,195.174820,100.000000
0.960522,195.541763,100.000000
0.961474,195.840225,100.000000
0.962454,196.068375,100.000000
0.963413,196.229919,100.000000
0.964552,196.333603,100.000000
0.965495,196.373520,100.000000
0.966411,196.358521,100.000000
0.967406,196.292618,100.000000
0.968407,196.177490,100.000000
0.969412,196.019043,100.000000
0.970385,195.819855,100.000000
0.971461,195.575684,100.000000
0.972611,195.292328,100.000000
0.973459,194.990997,100.000000
0.974460,194.665009,100.000000
0.975430,194.302765,100.000000
0.976467,193.919922,100.000000
0.977389,193.519287,100.000000
0.978431,193.086075,100.000000
0.979406,192.647278,100.000000
0.980390,192.178223,100.000000
0.981406,191.702911,100.000000
0.982399,191.213730,100.000000
0.983377,190.711853,100.000000
0.984404,190.193237,100.000000
0.985406,189.658646,100.000000
0.986466,189.098022,100.000000
0.987450,188.576569,100.000000
0.988510,188.014801,100.000000
0.989438,187.456650,100.000000
0.990406,186.897461,100.000000
0.991394,186.326584,100.000000
0.992412,185.738754,100.000000
0.993391,185.163025,100.000000
0.994436,184.576981,100.000000
0.995407,183.975006,100.000000
0.996391,183.386749,100.000000
0.997406,182.783173,100.000000
0.998413,182.176392,100.000000
0.999456,181.554703,100.000000
1.000446,180.924194,100.000000
1.001415,180.345367,100.000000
1.002412,179.722183,100.000000
1.003438,179.115250,100.000000
1.004455,178.494263,100.000000
1.005453,177.865417,100.000000
1.006467,177.228928,100.000000
1.007435,176.621658,100.000000
1.008495,175.982285,100.000000
1.009479,175.366425,100.000000
1.010464,174.749802,100.000000
1.011445,174.119461,100.000000
1.012490,173.476105,100.000000
1.013456,172.856598,100.000000
1.014405,172.236542,100.000000
1.015445,171.603088,100.000000
1.016505,170.969635,100.000000
1.017424,170.334869,100.000000
1.018424,169.712311,100.000000
1.019443,169.077301,100.000000
1.020595,168.403976,100.000000
1.021575,167.742447,100.000000
1.022477,167.187012,100.000000
1.023494,166.544205,100.000000
1.024503,165.920120,100.000000
1.025466,165.288544,100.000000
1.026418,164.650421,100.000000
1.027443,163.999786,100.000000
1.028435,163.367920,100.000000
1.029417,162.736053,100.000000
1.030443,162.110443,100.000000
1.031438,161.459808,100.000000
1.032439,160.821686,100.000000
1.033514,160.189438,100.000000
1.034530,159.524673,100.000000
1.035459,158.922623,100.000000
1.036405,158.289215,100.000000
1.037456,157.643265,100.000000
1.038407,157.016129,100.000000
1.039407,156.376450,100.000000
1.040408,155.736771,100.000000
1.041413,155.097092,100.000000
1.042414,154.457413,100.000000
1.043415,153.824005,100.000000
1.044428,153.196869,100.000000
1.045396,152.557190,100.000000
1.046398,151.923782,100.000000
1.047526,151.271561,100.000000
1.048540,150.600525,100.000000
1.049437,150.004745,100.000000
1.050493,149.346252,100.000000
1.051438,148.719116,100.000000
1.052435,148.085709,100.000000
1.053403,147.458572,100.000000
1.054653,146.812622,100.000000
1.055716,146.110229,100.000000
1.056459,145.545807,100.000000
1.057431,144.899857,100.000000
1.058410,144.272720,100.000000
1.059402,143.639313,100.000000
1.060400,143.005905,100.000000
1.061387,142.366226,100.000000
1.062430,141.720276,100.000000
1.063519,141.080597,100.000000
1.064482,140.453461,100.000000
1.065437,139.820053,100.000000
1.066499,139.167831,100.000000
1.067439,138.534424,100.000000
1.068544,137.882202,100.000000
1.069567,137.198624,100.000000
1.070654,136.609116,100.000000
1.071479,135.969437,100.000000
1.072442,135.348572,100.000000
1.073412,134.721436,100.000000
1.074508,134.044128,100.000000
1.075449,133.435806,100.000000
1.076407,132.808670,100.000000
1.077408,132.175262,100.000000
1.078407,131.535583,100.000000
1.079388,130.908447,100.000000
1.080397,130.268768,100.000000
1.081422,129.616547,100.000000
1.082449,128.989410,100.000000
1.083494,128.330917,100.000000
1.084482,127.703415,100.000000
1.085453,127.062958,100.000000
1.086433,126.428780,100.000000
1.087422,125.800880,100.000000
1.088415,125.160423,100.000000
1.089474,124.513687,100.000000
1.090519,123.854393,100.000000
1.091409,123.245331,100.000000
1.092379,122.611153,100.000000
1.093396,121.976974,100.000000
1.094464,121.336517,100.000000
1.095438,120.702339,100.000000
1.096484,120.061882,100.000000
1.097421,119.408867,100.000000
1.098440,118.787247,100.000000
1.099425,118.146790,100.000000
1.100418,117.500053,100.000000
1.101399,116.872154,100.000000
1.102410,116.231697,100.000000
1.103559,115.578682,100.000000
1.104555,114.925667,100.000000
1.105484,114.297768,100.000000
1.106462,113.682426,100.000000
1.107417,113.041969,100.000000
1.108452,112.401512,100.000000
1.109449,111.754776,100.000000
1.110447,111.126877,100.000000
1.111411,110.498978,100.000000
1.112403,109.858521,100.000000
1.113418,109.218063,100.000000
1.114435,108.583885,100.000000
1.115404,107.949707,100.000000
1.116396,107.315529,100.000000
1.117447,106.668793,100.000000
1.118458,106.015778,100.000000
1.119408,105.394157,100.000000
1.120388,104.759979,100.000000
1.121469,104.125801,100.000000
1.122437,103.472786,100.000000
1.123455,102.838608,100.000000
1.124556,102.173035,100.000000
1.125468,101.545135,100.000000
1.126461,100.923515,100.000000
1.127526,100.245384,100.000000
1.128469,99.642601,100.000000
1.129487,99.020981,100.000000
1.130490,98.374245,100.000000
1.131443,97.727509,100.000000
1.132510,97.099609,100.000000
1.133535,96.452873,100.000000
1.134508,95.831253,100.000000
1.135492,95.197075,100.000000
1.136489,94.556618,100.000000
1.137437,93.922440,100.000000
1.138473,93.256866,100.000000
1.139409,92.635246,100.000000
1.140497,92.001068,100.000000
1.141428,91.360611,100.000000
1.142415,90.732712,100.000000
1.143495,90.085976,100.000000
1.144504,89.451797,100.000000
1.145699,88.679482,100.000000
1.146455,88.164604,100.000000
1.147437,87.542984,100.000000
1.148447,86.889969,100.000000
1.149438,86.243233,100.000000
1.150435,85.634171,100.000000
1.151461,84.993713,100.000000
1.152526,84.315582,100.000000
1.153492,83.706520,100.000000
1.154414,83.084900,100.000000
1.155416,82.444443,100.000000
1.156400,81.810265,100.000000
1.157405,81.169807,100.000000
1.158400,80.529350,100.000000
1.159570,79.851219,100.000000
1.160499,79.229599,100.000000
1.161445,78.614258,100.000000
1.162447,77.967522,100.000000
1.163469,77.320786,100.000000
1.164407,76.692886,100.000000
1.165500,76.058708,100.000000
1.166773,75.405693,100.000000
1.167784,74.721283,100.000000
1.168492,74.131058,100.000000
1.169516,73.490601,100.000000
1.170457,72.862701,100.000000
1.171419,72.234802,100.000000
1.172458,71.588066,100.000000
1.173448,70.941330,100.000000
1.174653,70.294594,100.000000
1.175461,69.679253,100.000000
1.176406,69.051353,100.000000
1.177437,68.404617,100.000000
1.178401,67.764160,100.000000
1.179429,67.136261,100.000000
1.180560,66.458130,100.000000
1.181465,65.842789,100.000000
1.182443,65.221169,100.000000
1.183474,64.568153,100.000000
1.184427,63.934017,100.000000
1.185415,63.300224,100.000000
1.186418,62.672707,100.000000
1.187402,62.032639,100.000000
1.188423,61.398846,100.000000
1.189402,60.765053,100.000000
1.190477,60.124985,100.000000
1.191405,59.484917,100.000000
1.192408,58.844849,100.000000
1.193817,58.142029,100.000000
1.194596,57.495686,100.000000
1.195627,56.899544,100.000000
1.196492,56.290852,100.000000
1.197398,55.669609,100.000000
1.198390,55.029541,100.000000
1.199407,54.395748,100.000000
1.200434,53.749405,100.000000
1.201413,53.109337,100.000000
1.202420,52.475544,100.000000
1.203384,51.841751,100.000000
1.204397,51.207958,100.000000
1.205419,50.567890,100.000000
1.206403,49.934097,100.000000
1.207519,49.268929,100.000000
1.208623,48.572384,100.000000
1.209542,47.988792,100.000000
1.210564,47.361275,100.000000
1.211455,46.733757,100.000000
1.212409,46.099964,100.000000
1.213399,45.472446,100.000000
1.214649,44.782177,100.000000
1.215421,44.192310,100.000000
1.216413,43.552242,100.000000
1.217413,42.918449,100.000000
1.218407,42.290932,100.000000
1.219404,41.644588,100.000000
1.220514,40.998245,100.000000
1.221519,40.358177,100.000000
1.222476,39.711834,100.000000
1.223447,39.090591,100.000000
1.224480,38.463074,100.000000
1.225425,37.829281,100.000000
1.226477,37.157837,100.000000
1.227422,36.542870,100.000000
1.228465,35.902802,100.000000
1.229468,35.256458,100.000000
1.230427,34.641491,100.000000
1.231411,34.001423,100.000000
1.232379,33.367630,100.000000
1.233407,32.722103,100.000000
1.234397,32.101757,100.000000
1.235521,31.468819,100.000000
1.236633,30.840918,100.000000
1.237451,30.294146,100.000000
1.238467,29.753410,100.000000
1.239403,29.295694,100.000000
1.240422,28.879004,100.000000
1.241470,28.513027,100.000000
1.242486,28.236420,100.000000
1.243414,28.033293,100.000000
1.244560,27.874817,100.000000
1.245438,27.797218,100.000000
1.246409,27.769886,100.000000
1.247399,27.795963,100.000000
1.248466,27.877867,100.000000
1.249458,28.005453,100.000000
1.250408,28.169603,100.000000
1.251426,28.378048,100.000000
1.252391,28.623148,100.000000
1.253413,28.901875,100.000000
1.254399,29.214619,100.000000
1.255476,29.556116,100.000000
1.257016,29.950027,100.000000
1.257804,30.367186,100.000000
1.258462,30.733467,100.000000
1.259444,31.167324,100.000000
1.260432,31.605850,100.000000
1.261407,32.074074,100.000000
1.262436,32.552689,100.000000
1.263518,33.069618,100.000000
1.264597,33.620430,100.000000
1.265413,34.081024,100.000000
1.266415,34.602367,100.000000
1.267411,35.138287,100.000000
1.268417,35.688232,100.000000
1.269450,36.240658,100.000000
1.270413,36.811371,100.000000
1.271560,37.377579,100.000000
1.272410,37.949738,100.000000
1.273437,38.533047,100.000000
1.274425,39.121391,100.000000
1.275434,39.702660,100.000000
1.276653,40.323193,100.000000
1.277514,40.918278,100.000000
1.278525,41.516766,100.000000
1.279521,42.112400,100.000000
1.280507,42.710808,100.000000
1.281437,43.323795,100.000000
1.282639,43.939190,100.000000
1.283648,44.581051,100.000000
1.284496,45.194637,100.000000
1.285426,45.779499,100.000000
1.286463,46.402527,100.000000
1.287457,47.027081,100.000000
1.288427,47.646866,100.000000
1.289407,48.267891,100.000000
1.290431,48.890060,100.000000
1.291410,49.525600,100.000000
1.292484,50.155937,100.000000
1.293462,50.780945,100.000000
1.294475,51.406742,100.000000
1.295419,52.027046,100.000000
1.296446,52.660385,100.000000
1.297412,53.306812,100.000000
1.298422,53.935093,100.000000
1.299413,54.563892,100.000000
1.300395,55.186916,100.000000
1.301387,55.816566,100.000000
1.302393,56.446579,100.000000
1.303433,57.101891,100.000000
1.304407,57.726357,100.000000
1.305435,58.369846,100.000000
1.306406,58.988541,100.000000
1.307505,59.620022,100.000000
1.308478,60.270470,100.000000
1.309410,60.889824,100.000000
1.310389,61.528130,100.000000
1.311481,62.166641,100.000000
1.312632,62.874039,100.000000
1.313594,63.469093,100.000000
1.314487,64.089203,100.000000
1.315420,64.715576,100.000000
1.316456,65.341949,100.000000
1.317573,65.993378,100.000000
1.318544,66.632706,100.000000
1.319399,67.253571,100.000000
1.320396,67.886978,100.000000
1.321498,68.520386,100.000000
1.322471,69.153793,100.000000
1.323484,69.793472,100.000000
1.324462,70.439423,100.000000
1.325437,71.072830,100.000000
1.326398,71.706238,100.000000
1.327434,72.339645,100.000000
1.328440,72.985596,100.000000
1.329408,73.619003,100.000000
1.330390,74.252411,100.000000
1.331390,74.885818,100.000000
1.332562,75.575668,100.000000
1.333592,76.209076,100.000000
1.334481,76.836212,100.000000
1.335408,77.438263,100.000000
1.336392,78.065399,100.000000
1.337442,78.705078,100.000000
1.338426,79.351028,100.000000
1.339480,79.978165,100.000000
1.340438,80.624680,100.000000
1.341412,81.258858,100.000000
1.342407,81.893036,100.000000
1.343403,82.527214,100.000000
1.344411,83.161392,100.000000
1.345404,83.801849,100.000000
1.346441,84.448586,100.000000
1.347446,85.082764,100.000000
1.348488,85.742058,100.000000
1.349474,86.376236,100.000000
1.350484,87.004135,100.000000
1.351447,87.644592,100.000000
1.352468,88.266212,100.000000
1.353528,88.931786,100.000000
1.354825,89.641312,100.000000
1.355581,90.256653,100.000000
1.356415,90.815483,100.000000
1.357433,91.449661,100.000000
1.358431,92.096397,100.000000
1.359406,92.724297,100.000000
1.360495,93.383591,100.000000
1.361432,94.005211,100.000000
1.362427,94.633110,100.000000
1.363398,95.279846,100.000000
1.364486,95.914024,100.000000
1.365458,96.567039,100.000000
1.366400,97.188660,100.000000
1.367493,97.854233,100.000000
1.368456,98.488411,100.000000
1.369412,99.103752,100.000000
1.370418,99.731651,100.000000
1.371403,100.372108,100.000000
1.372391,101.006287,100.000000
1.373392,101.646744,100.000000
1.374457,102.299759,100.000000
1.375421,102.933937,100.000000
1.376410,103.568115,100.000000
1.377438,104.214851,100.000000
1.378437,104.836472,100.000000
1.379404,105.483208,100.000000
1.380435,106.123665,100.000000
1.381461,106.770401,100.000000
1.382428,107.392021,100.000000
1.383410,108.026199,100.000000
1.384405,108.666656,100.000000
1.385388,109.294556,100.000000
1.386386,109.935013,100.000000
1.387403,110.569191,100.000000
1.388535,111.253601,100.000000
1.389430,111.856384,100.000000
1.390430,112.496841,100.000000
1.391480,113.124741,100.000000
1.392459,113.771477,100.000000
1.393452,114.405655,100.000000
1.394591,115.058670,100.000000
1.395560,115.736801,100.000000
1.396436,116.339584,100.000000
1.397523,116.961205,100.000000
1.398519,117.620499,100.000000
1.399552,118.254677,100.000000
1.400523,118.882576,100.000000
1.402041,119.698845,100.000000
1.402810,120.207443,100.000000
1.403422,120.791389,100.000000
1.404416,121.431847,100.000000
1.405445,122.053467,100.000000
1.406527,122.700203,100.000000
1.407477,123.328102,100.000000
1.408420,123.968559,100.000000
1.409568,124.627853,100.000000
1.410696,125.274590,100.000000
1.411557,125.915047,100.000000
1.412440,126.530388,100.000000
1.413415,127.158287,100.000000
1.414481,127.805023,100.000000
1.415639,128.444946,100.000000
1.416588,129.084625,100.000000
1.417536,129.718033,100.000000
1.418392,130.345169,100.000000
1.419411,130.972305,100.000000
1.420402,131.605713,100.000000
1.421412,132.245392,100.000000
1.422471,132.891342,100.000000
1.423553,133.593735,100.000000
1.424487,134.195786,100.000000
1.425490,134.797836,100.000000
1.426659,135.475143,100.000000
1.427791,136.158722,100.000000
1.428402,136.710602,100.000000
1.429410,137.337738,100.000000
1.430475,137.996231,100.000000
1.431423,138.617096,100.000000
1.432410,139.256775,100.000000
1.433474,139.890182,100.000000
1.434406,140.523590,100.000000
1.435501,141.175812,100.000000
1.436429,141.796677,100.000000
1.437431,142.442200,100.000000
1.438456,143.072449,100.000000
1.439498,143.710876,100.000000
1.440502,144.342285,100.000000
1.441538,144.958374,100.000000
1.442560,145.535446,100.000000
1.443545,146.108536,100.000000
1.444645,146.625351,100.000000
1.445472,147.085922,100.000000
1.446487,147.503616,100.000000
1.447528,147.835953,100.000000
1.448473,148.109024,100.000000
1.449473,148.322693,100.000000
1.450443,148.474701,100.000000
1.451484,148.561890,100.000000
1.452495,148.591110,100.000000
1.453483,148.566513,100.000000
1.454480,148.490143,100.000000
1.455404,148.367233,100.000000
1.456431,148.200897,100.000000
1.457477,147.983337,100.000000
1.458554,147.730637,100.000000
1.459455,147.454056,100.000000
1.460500,147.153763,100.000000
1.461440,146.806046,100.000000
1.462407,146.457047,100.000000
1.463402,146.062653,100.000000
1.464774,145.616745,100.000000
1.465415,145.221588,100.000000
1.466429,144.775208,100.000000
1.467396,144.312393,100.000000
1.468406,143.834595,100.000000
1.469388,143.338181,100.000000
1.470416,142.834122,100.000000
1.471490,142.303207,100.000000
1.472636,141.766586,100.000000
1.473638,141.214798,100.000000
1.474439,140.686478,100.000000
1.475438,140.139771,100.000000
1.476434,139.580444,100.000000
1.477419,139.014603,100.000000
1.478434,138.431412,100.000000
1.479415,137.859802,100.000000
1.480410,137.271759,100.000000
1.481405,136.684891,100.000000
1.482406,136.093933,100.000000
1.483408,135.493256,100.000000
1.484391,134.895050,100.000000
1.485460,134.287735,100.000000
1.486425,133.677490,100.000000
1.487470,133.064697,100.000000
1.488443,132.425140,100.000000
1.489421,131.844025,100.000000
1.490433,131.212387,100.000000
1.491454,130.609314,100.000000
1.492429,129.974106,100.000000
1.493430,129.349625,100.000000
1.494433,128.729980,100.000000
1.495393,128.121201,100.000000
1.496402,127.499199,100.000000
1.497394,126.869911,100.000000
1.498392,126.245865,100.000000
1.499533,125.583725,100.000000
1.500421,124.976562,100.000000
1.501436,124.350090,100.000000
1.502426,123.704269,100.000000
1.503411,123.088921,100.000000
1.504410,122.460709,100.000000
1.505650,121.701187,100.000000
1.506469,121.171501,100.000000
1.507440,120.554413,100.000000
1.508440,119.930550,100.000000
1.509400,119.300224,100.000000
1.510407,118.663376,100.000000
1.511399,118.032280,100.000000
1.512475,117.394936,100.000000
1.513472,116.744781,100.000000
1.514427,116.119171,100.000000
1.515400,115.487305,100.000000
1.516438,114.849182,100.000000
1.517439,114.204597,100.000000
1.518520,113.546906,100.000000
1.519688,112.908005,100.000000
1.520689,112.281631,100.000000
1.521549,111.636467,100.000000
1.522512,111.022621,100.000000
1.523545,110.389984,100.000000
1.524469,109.750687,100.000000
1.525466,109.111008,100.000000
1.526506,108.490143,100.000000
1.527647,107.794022,100.000000
1.528677,107.154343,100.000000
1.529434,106.571106,100.000000
1.530407,105.943970,100.000000
1.531400,105.310562,100.000000
1.532412,104.670883,100.000000
1.533428,104.037476,100.000000
1.534458,103.378983,100.000000
1.535421,102.751846,100.000000
1.536407,102.118439,100.000000
1.537527,101.466217,100.000000
1.538453,100.826538,100.000000
1.539425,100.199402,100.000000
1.540504,99.565994,100.000000
1.541471,98.913773,100.000000
1.542396,98.299179,100.000000
1.543417,97.665771,100.000000
1.544430,97.013550,100.000000
1.545430,96.392685,100.000000
1.546423,95.746185,100.000000
1.547498,95.099449,100.000000
1.548488,94.427597,100.000000
1.549419,93.831093,100.000000
1.550567,93.152962,100.000000
1.551522,92.550179,100.000000
1.552449,91.916000,100.000000
1.553392,91.288101,100.000000
1.554420,90.647644,100.000000
1.555457,89.975792,100.000000
1.556414,89.373009,100.000000
1.557416,88.745110,100.000000
1.558404,88.098373,100.000000
1.559406,87.470474,100.000000
1.560406,86.830017,100.000000
1.561444,86.189560,100.000000
1.562519,85.549103,100.000000
1.563445,84.908646,100.000000
1.564433,84.274467,100.000000
1.565440,83.634010,100.000000
1.566470,82.999832,100.000000
1.567643,82.359375,100.000000
1.568488,81.706764,100.000000
1.569528,81.042549,100.000000
1.570525,80.436211,100.000000
1.571486,79.806953,100.000000
1.572448,79.189590,100.000000
1.573389,78.581886,100.000000
1.574400,77.974518,100.000000
1.575474,77.379929,100.000000
1.576441,76.824432,100.000000
1.577450,76.296883,100.000000
1.578414,75.813370,100.000000
1.579396,75.383789,100.000000
1.580468,75.003517,100.000000
1.581484,74.685471,100.000000
1.582434,74.431702,100.000000
1.583419,74.240898,100.000000
1.584560,74.111557,100.000000
1.585443,74.049957,100.000000
1.586507,74.041321,100.000000
1.587539,74.087440,100.000000
1.588434,74.178307,100.000000
1.589487,74.319992,100.000000
1.590436,74.501335,100.000000
1.591600,74.726158,100.000000
1.592412,74.977150,100.000000
1.593394,75.265549,100.000000
1.594409,75.587189,100.000000
1.595405,75.933220,100.000000
1.596644,76.315704,100.000000
1.597621,76.722420,100.000000
1.598667,77.176575,100.000000
1.599407,77.564941,100.000000
1.600419,78.012619,100.000000
1.601457,78.494728,100.000000
1.602433,78.972809,100.000000
1.603429,79.468842,100.000000
1.604411,79.976952,100.000000
1.605405,80.496094,100.000000
1.606410,81.030594,100.000000
1.607426,81.569054,100.000000
1.608409,82.121361,100.000000
1.609410,82.675903,100.000000
1.610401,83.242996,100.000000
1.611417,83.816566,100.000000
1.612407,84.384621,100.000000
1.613415,84.975098,100.000000
1.614406,85.558990,100.000000
1.615385,86.147278,100.000000
1.616499,86.745438,100.000000
1.617886,87.495361,100.000000
1.618472,87.976395,100.000000
1.619409,88.560936,100.000000
1.620514,89.178139,100.000000
1.621469,89.797928,100.000000
1.622466,90.414070,100.000000
1.623547,91.032333,100.000000
1.624780,91.682983,100.000000
1.625503,92.268394,100.000000
1.626451,92.867493,100.000000
1.627549,93.510895,100.000000
1.628482,94.131096,100.000000
1.629404,94.734062,100.000000
1.630460,95.356483,100.000000
1.631498,95.992325,100.000000
1.632433,96.616608,100.000000
1.633433,97.241539,100.000000
1.634406,97.860153,100.000000
1.635390,98.489426,100.000000
1.636405,99.109520,100.000000
1.637568,99.743256,100.000000
1.638661,100.373779,100.000000
1.639496,100.962257,100.000000
1.640433,101.531189,100.000000
1.641457,102.108986,100.000000
1.642409,102.630180,100.000000
1.643396,103.141136,100.000000
1.644411,103.626251,100.000000
1.645457,104.091934,100.000000
1.646506,104.496651,100.000000
1.647487,104.857697,100.000000
1.648485,105.181976,100.000000
1.649400,105.455238,100.000000
1.650426,105.686165,100.000000
1.651572,105.872704,100.000000
1.652561,106.019249,100.000000
1.653474,106.109505,100.000000
1.654437,106.156982,100.000000
1.655432,106.166542,100.000000
1.656634,106.137772,100.000000
1.657480,106.072144,100.000000
1.658443,105.976006,100.000000
1.659495,105.847595,100.000000
1.660552,105.699356,100.000000
1.661605,105.532875,100.000000
1.662460,105.346458,100.000000
1.663401,105.144249,100.000000
1.664422,104.929878,100.000000
1.665486,104.706863,100.000000
1.666551,104.473457,100.000000
1.667519,104.256790,100.000000
1.668613,104.024742,100.000000
1.669431,103.826523,100.000000
1.670471,103.620461,100.000000
1.671529,103.405273,100.000000
1.672477,103.221718,100.000000
1.673470,103.027641,100.000000
1.674615,102.831535,100.000000
1.675431,102.683975,100.000000
1.676459,102.525330,100.000000
1.677465,102.375893,100.000000
1.678410,102.235352,100.000000
1.679404,102.103271,100.000000
1.680521,101.969604,100.000000
1.681438,101.858932,100.000000
1.682425,101.749008,100.000000
1.683475,101.644226,100.000000
1.684408,101.545952,100.000000
1.685395,101.453491,100.000000
1.686485,101.363625,100.000000
1.687487,101.277794,100.000000
1.688467,101.193214,100.000000
1.689393,101.118141,100.000000
1.690406,101.042160,100.000000
1.691401,100.969719,100.000000
1.692404,100.899902,100.000000
1.693489,100.831276,100.000000
1.694484,100.764717,100.000000
1.695402,100.703873,100.000000
1.696579,100.641968,100.000000
1.697465,100.585190,100.000000
1.698460,100.532181,100.000000
1.699543,100.479378,100.000000
1.700474,100.431015,100.000000
1.701568,100.383461,100.000000
1.702477,100.342445,100.000000
1.703436,100.304626,100.000000
1.704655,100.263443,100.000000
1.705470,100.233978,100.000000
1.706471,100.203964,100.000000
1.708089,100.173012,100.000000
1.708959,100.147247,100.000000
1.709615,100.127937,100.000000
1.710414,100.110329,100.000000
1.711421,100.093513,100.000000
1.712414,100.079063,100.000000
1.713413,100.066330,100.000000
1.714523,100.055580,100.000000
1.715458,100.046547,100.000000
1.716397,100.039223,100.000000
1.717419,100.033081,100.000000
1.718526,100.028015,100.000000
1.719488,100.023903,100.000000
1.720447,100.020668,100.000000
1.721550,100.018013,100.000000
1.722491,100.015831,100.000000
1.723497,100.014214,100.000000
1.724515,100.012672,100.000000
1.725437,100.011520,100.000000
1.726419,100.010765,100.000000
1.727570,100.009995,100.000000
1.728635,100.009140,100.000000
1.729610,100.008385,100.000000
1.730445,100.007645,100.000000
1.731419,100.006897,100.000000
1.732415,100.006126,100.000000
1.733407,100.005348,100.000000
1.734407,100.004578,100.000000
1.735431,100.003799,100.000000
1.736450,100.002998,100.000000
1.737432,100.002251,100.000000
1.738411,100.001472,100.000000
1.739436,100.000702,100.000000
1.740429,99.999924,100.000000
1.741451,99.999130,100.000000
1.742747,99.998322,100.000000
1.743460,99.997864,100.000000
1.744438,99.997864,100.000000
1.745664,99.997864,100.000000
1.746527,99.997864,100.000000
1.747576,99.997864,100.000000
1.748432,99.997864,100.000000
1.749453,99.997864,100.000000
1.750444,99.997864,100.000000
1.751432,99.997864,100.000000
1.752642,99.998032,100.000000
1.753431,99.998688,100.000000
1.754370,99.999443,100.000000
1.755397,100.000214,100.000000
1.756433,100.001022,100.000000
1.757391,100.001770,100.000000
1.758441,100.002563,100.000000
1.759388,100.003311,100.000000
1.760449,100.003357,100.000000
1.761482,100.003357,100.000000
1.762411,100.003357,100.000000
1.763419,100.003357,100.000000
1.764491,100.003357,100.000000
1.765428,100.003357,100.000000
1.766403,100.003357,100.000000
1.767386,100.003357,100.000000
1.768408,100.003357,100.000000
1.769413,100.003357,100.000000
1.770465,100.003357,100.000000
1.771432,100.003357,100.000000
1.772506,100.003357,100.000000
1.773409,100.003357,100.000000
1.774406,100.003357,100.000000
1.775408,100.003357,100.000000
1.776646,100.003357,100.000000
1.777647,100.003357,100.000000
1.778443,100.003357,100.000000
1.779469,100.003357,100.000000
1.780498,100.003357,100.000000
1.781441,100.003357,100.000000
1.782441,100.003357,100.000000
1.783433,100.003357,100.000000
1.784539,100.003357,100.000000
1.785449,100.003357,100.000000
1.786479,100.003357,100.000000
1.787371,100.003357,100.000000
1.788396,100.003357,100.000000
1.789369,100.003357,100.000000
1.790468,100.003357,100.000000
1.791479,100.003357,100.000000
1.792448,100.003357,100.000000
1.793440,100.003357,100.000000
1.794465,100.003357,100.000000
1.795410,100.003357,100.000000
1.796593,100.003357,100.000000
1.797495,100.003357,100.000000
1.798592,100.003273,100.000000
1.799599,100.002487,100.000000
1.800469,100.001778,100.000000
1.801452,100.000999,100.000000
1.802449,100.000244,100.000000
1.803420,99.999474,100.000000
1.804429,99.998795,100.000000
1.805452,99.998795,100.000000
1.806384,99.998795,100.000000
1.807406,99.998795,100.000000
1.808392,99.998795,100.000000
1.809396,99.998795,100.000000
1.810382,99.998795,100.000000
1.811487,99.998795,100.000000
1.812455,99.998795,100.000000
1.813452,99.998795,100.000000
1.814393,99.998795,100.000000
1.815367,99.998795,100.000000
1.816378,99.998795,100.000000
1.817442,99.998795,100.000000
1.818401,99.998795,100.000000
1.819442,99.998795,100.000000
1.820404,99.998795,100.000000
1.821468,99.998795,100.000000
1.822408,99.998795,100.000000
1.823480,99.998795,100.000000
1.824509,99.998795,100.000000
1.825519,99.998795,100.000000
1.826517,99.998795,100.000000
1.827593,99.998795,100.000000
1.828481,99.998795,100.000000
1.829437,99.998795,100.000000
1.830406,99.998795,100.000000
1.831458,99.998795,100.000000
1.832594,99.998795,100.000000
1.833800,99.998795,100.000000
1.834427,99.998795,100.000000
1.835411,99.998795,100.000000
1.836400,99.998795,100.000000
1.837413,99.998795,100.000000
1.838395,99.998795,100.000000
1.839453,99.998795,100.000000
1.840531,99.998795,100.000000
1.841591,99.998795,100.000000
1.842494,99.998795,100.000000
1.843450,99.998795,100.000000
1.844398,99.998795,100.000000
1.845405,99.998795,100.000000
1.846416,99.998795,100.000000
1.847413,99.998795,100.000000
1.848418,99.998795,100.000000
1.849406,99.998795,100.000000
1.850405,99.998795,100.000000
1.851416,99.998795,100.000000
1.852387,99.998795,100.000000
1.853412,99.998795,100.000000
1.854410,99.998795,100.000000
1.855421,99.998795,100.000000
1.856521,99.998795,100.000000
1.857517,99.998795,100.000000
1.858450,99.998795,100.000000
1.859414,99.998795,100.000000
1.860829,99.998795,100.000000
1.861606,99.998795,100.000000
1.862548,99.998795,100.000000
1.863527,99.998795,100.000000
1.864490,99.998795,100.000000
1.865451,99.998795,100.000000
1.866475,99.998795,100.000000
1.867424,99.998795,100.000000
1.868409,99.998795,100.000000
1.869419,99.998795,100.000000
1.870410,99.998795,100.000000
1.871535,99.998795,100.000000
1.872450,99.998795,100.000000
1.873374,99.998795,100.000000
1.874504,99.998795,100.000000
1.875400,99.998795,100.000000
1.876519,99.998795,100.000000
1.877425,99.998795,100.000000
1.878415,99.998795,100.000000
1.879401,99.998795,100.000000
1.880410,99.998795,100.000000
1.881452,99.998795,100.000000
1.882470,99.998795,100.000000
1.883450,99.998795,100.000000
1.884455,99.998795,100.000000
1.885406,99.998795,100.000000
1.886435,99.998795,100.000000
1.887444,99.998795,100.000000
1.888641,99.998795,100.000000
1.889869,99.998795,100.000000
1.890532,99.998795,100.000000
1.891418,99.998795,100.000000
1.892398,99.998795,100.000000
1.893402,99.998795,100.000000
1.894589,99.998795,100.000000
1.895531,99.998795,100.000000
1.896452,99.998795,100.000000
1.897488,99.998795,100.000000
1.898403,99.998795,100.000000
1.899429,99.998795,100.000000
1.900420,99.998795,100.000000
1.901607,99.998795,100.000000
1.902491,99.998795,100.000000
1.903431,99.998795,100.000000
1.904407,99.998795,100.000000
1.905384,99.998795,100.000000
1.906395,99.998795,100.000000
1.907386,99.998795,100.000000
1.908478,99.998795,100.000000
1.909490,99.998795,100.000000
1.910415,99.998795,100.000000
1.911397,99.998795,100.000000
1.912402,99.998795,100.000000
1.913432,99.998795,100.000000
1.914413,99.998795,100.000000
1.915574,99.998795,100.000000
1.916524,99.998795,100.000000
1.917550,99.998795,100.000000
1.918681,99.998795,100.000000
1.919753,99.998795,100.000000
1.920522,99.998795,100.000000
1.921643,99.998795,100.000000
1.922452,99.998993,100.000000
1.923556,99.999809,100.000000
1.924442,100.000549,100.000000
1.925417,100.001312,100.000000
1.926453,100.002098,100.000000
1.927412,100.002869,100.000000
1.928402,100.002914,100.000000
1.929406,100.002914,100.000000
1.930506,100.002914,100.000000
1.931445,100.002914,100.000000
1.932412,100.002914,100.000000
1.933446,100.002914,100.000000
1.934404,100.002914,100.000000
1.935391,100.002914,100.000000
1.936418,100.002914,100.000000
1.937422,100.002914,100.000000
1.938532,100.002914,100.000000
1.939482,100.002914,100.000000
1.940409,100.002914,100.000000
1.941397,100.002914,100.000000
1.942387,100.002914,100.000000
1.943451,100.002914,100.000000
1.944437,100.002914,100.000000
1.945406,100.002914,100.000000
1.946484,100.002914,100.000000
1.947473,100.002914,100.000000
1.948446,100.002914,100.000000
1.949548,100.002914,100.000000
1.950796,100.002914,100.000000
1.951740,100.002914,100.000000
1.952497,100.002914,100.000000
1.953528,100.002914,100.000000
1.954476,100.002914,100.000000
1.955475,100.002914,100.000000
1.956458,100.002914,100.000000
1.957487,100.002914,100.000000
1.958482,100.002914,100.000000
1.959497,100.002914,100.000000
1.960405,100.002914,100.000000
1.961407,100.002914,100.000000
1.962396,100.002914,100.000000
1.963387,100.002914,100.000000
1.964442,100.002914,100.000000
1.965420,100.002914,100.000000
1.966554,100.002914,100.000000
1.967447,100.002914,100.000000
1.968397,100.002914,100.000000
1.969383,100.002914,100.000000
1.970381,100.002914,100.000000
1.971522,100.002914,100.000000
1.972418,100.002914,100.000000
1.973464,100.002914,100.000000
1.974426,100.002914,100.000000
1.975410,100.002914,100.000000
1.976407,100.002914,100.000000
1.977470,100.002914,100.000000
1.978553,100.002747,100.000000
1.979545,100.001923,100.000000
1.980490,100.001205,100.000000
1.981600,100.000427,100.000000
1.982399,99.999672,100.000000
1.983405,99.998894,100.000000
1.984470,99.998093,100.000000
1.985715,99.997231,100.000000
1.986422,99.997185,100.000000
1.987466,99.997185,100.000000
1.988437,99.997185,100.000000
1.989402,99.997185,100.000000
1.990387,99.997185,100.000000
1.991402,99.997185,100.000000
1.992415,99.997185,100.000000
1.993467,99.997185,100.000000
1.994438,99.997185,100.000000
1.995425,99.997185,100.000000
1.996430,99.997185,100.000000
1.997461,99.997185,100.000000
1.998494,99.997185,100.000000
1.999629,99.997185,100.000000
2.000663,99.997185,100.000000
2.001531,99.997185,100.000000
2.002456,99.997185,100.000000
2.003442,99.997185,100.000000
2.004408,99.997185,100.000000
2.005448,99.997185,100.000000
2.006471,99.997185,100.000000
2.007495,99.997185,100.000000
2.008424,99.997185,100.000000
2.009410,99.997185,100.000000
2.010457,99.997185,100.000000
2.011402,99.997185,100.000000
2.012449,99.997185,100.000000
2.013533,99.997185,100.000000
2.014426,99.997185,100.000000
2.015402,99.997185,100.000000
2.016403,99.997185,100.000000
2.017401,99.997185,100.000000
2.018386,99.997185,100.000000
2.019401,99.997185,100.000000
2.020398,99.997185,100.000000
2.021402,99.997185,100.000000
2.022424,99.997185,100.000000
2.023414,99.997292,100.000000
2.024394,99.998055,100.000000
2.025453,99.998840,100.000000
2.026741,99.999641,100.000000
2.027485,100.000420,100.000000
2.028915,100.001335,100.000000
2.029564,100.001526,100.000000
2.030494,100.001526,100.000000
2.031481,100.001526,100.000000
2.032454,100.001526,100.000000
2.033842,100.001526,100.000000
2.034505,100.001526,100.000000
2.035586,100.001526,100.000000
2.036641,100.001526,100.000000
2.037632,100.001526,100.000000
2.038572,100.001526,100.000000
2.039458,100.001526,100.000000
2.040546,100.001526,100.000000
2.041558,100.001526,100.000000
2.042443,100.001526,100.000000
2.043467,100.001526,100.000000
2.044430,100.001526,100.000000
2.045465,100.001526,100.000000
2.046418,100.001526,100.000000
2.047557,100.001526,100.000000
2.048516,100.001526,100.000000
2.049421,100.001526,100.000000
2.050428,100.001526,100.000000
2.051441,100.001526,100.000000
2.052412,100.001526,100.000000
2.053479,100.001526,100.000000
2.054480,100.001526,100.000000
2.055508,100.001526,100.000000
2.056603,100.001526,100.000000
2.057648,100.001526,100.000000
2.058430,100.001526,100.000000
2.059429,100.001526,100.000000
2.060470,100.001526,100.000000
2.061666,100.001526,100.000000
2.062607,100.001526,100.000000
2.063489,100.001526,100.000000
2.064516,100.001526,100.000000
2.065483,100.001526,100.000000
2.066392,100.001526,100.000000
2.067401,100.001526,100.000000
2.068692,100.001526,100.000000
2.069468,100.001526,100.000000
2.070498,100.001526,100.000000
2.071481,100.001526,100.000000
2.072551,100.001526,100.000000
2.073435,100.001526,100.000000
2.074400,100.001526,100.000000
2.075484,100.001526,100.000000
2.076800,100.001526,100.000000
2.077539,100.001526,100.000000
2.078598,100.001526,100.000000
2.079475,100.001526,100.000000
2.080478,100.001526,100.000000
2.081492,100.001526,100.000000
2.082808,100.001526,100.000000
2.083629,100.001526,100.000000
2.084505,100.001526,100.000000
2.085548,100.001526,100.000000
2.086537,100.001526,100.000000
2.087484,100.001526,100.000000
2.088441,100.001526,100.000000
2.089476,100.001526,100.000000
2.090614,100.001526,100.000000
2.091467,100.001526,100.000000
2.092478,100.001526,100.000000
2.093407,100.001526,100.000000
2.094428,100.001526,100.000000
2.095426,100.001526,100.000000
2.096460,100.001526,100.000000
2.097414,100.001526,100.000000
2.098430,100.001526,100.000000
2.099556,100.001526,100.000000
2.100425,100.001526,100.000000
2.101435,100.001526,100.000000
2.102436,100.001526,100.000000
2.103450,100.001526,100.000000
2.104528,100.001526,100.000000
2.105551,100.001526,100.000000
2.106634,100.001526,100.000000
2.107486,100.001526,100.000000
2.108658,100.001526,100.000000
2.109506,100.001526,100.000000
2.110644,100.001526,100.000000
2.111488,100.001526,100.000000
2.112491,100.001526,100.000000
2.113565,100.001526,100.000000
2.114403,100.001526,100.000000
2.115412,100.001526,100.000000
2.116436,100.001526,100.000000
2.117488,100.001526,100.000000
2.118456,100.001526,100.000000
2.119458,100.001526,100.000000
2.120411,100.001526,100.000000
2.121409,100.001526,100.000000
2.122393,100.001526,100.000000
2.123408,100.001526,100.000000
2.124469,100.001343,100.000000
2.125507,100.000572,100.000000
2.126532,99.999786,100.000000
2.127427,99.999046,100.000000
2.128394,99.998283,100.000000
2.129409,99.997513,100.000000
2.130388,99.996841,100.000000
2.131539,99.996841,100.000000
2.132644,99.996841,100.000000
2.133504,99.996841,100.000000
2.134417,99.996841,100.000000
2.135418,99.996841,100.000000
2.136459,99.996841,100.000000
2.137660,99.996841,100.000000
2.138498,99.996841,100.000000
2.139477,99.996841,100.000000
2.140491,99.996841,100.000000
2.141429,99.996841,100.000000
2.142426,99.996841,100.000000
2.143422,99.996841,100.000000
2.144420,99.996841,100.000000
2.145568,99.996841,100.000000
2.146453,99.996841,100.000000
2.147450,99.996841,100.000000
2.148456,99.996841,100.000000
2.149456,99.996841,100.000000
2.150407,99.996841,100.000000
2.151418,99.996841,100.000000
2.152460,99.996841,100.000000
2.153408,99.996841,100.000000
2.154410,99.996841,100.000000
2.155410,99.996841,100.000000
2.156415,99.996841,100.000000
2.157409,99.996841,100.000000
2.158413,99.996841,100.000000
2.159550,99.996841,100.000000
2.160593,99.996841,100.000000
2.161479,99.996841,100.000000
2.162481,99.996841,100.000000
2.163440,99.996841,100.000000
2.164429,99.996841,100.000000
2.165619,99.996841,100.000000
2.166538,99.996841,100.000000
2.167569,99.996841,100.000000
2.168517,99.996841,100.000000
2.169464,99.996841,100.000000
2.170451,99.996841,100.000000
2.171442,99.996841,100.000000
2.172458,99.997421,100.000000
2.173576,99.998283,100.000000
2.174456,99.998978,100.000000
2.175403,99.999748,100.000000
2.176413,100.000519,100.000000
2.177463,100.001297,100.000000
2.178405,100.001450,100.000000
2.179460,100.001450,100.000000
2.180480,100.001450,100.000000
2.181479,100.001450,100.000000
2.182484,100.001450,100.000000
2.183450,100.001450,100.000000
2.184429,100.001450,100.000000
2.185404,100.001450,100.000000
2.186420,100.001450,100.000000
2.187541,100.001450,100.000000
2.188458,100.001450,100.000000
2.189514,100.001450,100.000000
2.190520,100.001450,100.000000
2.191409,100.001450,100.000000
2.192427,100.001450,100.000000
2.193455,100.001450,100.000000
2.194647,100.001450,100.000000
2.195593,100.001450,100.000000
2.196488,100.001450,100.000000
2.197431,100.001450,100.000000
2.198456,100.001450,100.000000
2.199407,100.001450,100.000000
2.200451,100.001450,100.000000
2.201477,100.001450,100.000000
2.202422,100.001450,100.000000
2.203432,100.001450,100.000000
2.204495,100.001450,100.000000
2.205645,100.001450,100.000000
2.206421,100.001450,100.000000
2.207562,100.001450,100.000000
2.208599,100.001450,100.000000
2.209564,100.001450,100.000000
2.210529,100.001450,100.000000
2.211547,100.001450,100.000000
2.212409,100.001450,100.000000
2.213413,100.001450,100.000000
2.214548,100.001450,100.000000
2.215526,100.001450,100.000000
2.216534,100.001450,100.000000
2.217477,100.001450,100.000000
2.218450,100.001450,100.000000
2.219555,100.001450,100.000000
2.220640,100.001450,100.000000
2.221603,100.001450,100.000000
2.222603,100.001450,100.000000
2.223593,100.001450,100.000000
2.224463,100.001450,100.000000
2.225477,100.001450,100.000000
2.226490,100.001450,100.000000
2.227467,100.001450,100.000000
2.228499,100.001450,100.000000
2.229537,100.001450,100.000000
2.230436,100.001450,100.000000
2.231450,100.001450,100.000000
2.232513,100.001450,100.000000
2.233541,100.001450,100.000000
2.234466,100.001450,100.000000
2.235433,100.001450,100.000000
2.236690,100.001450,100.000000
2.237572,100.001450,100.000000
2.238598,100.001450,100.000000
2.239645,100.001450,100.000000
2.240433,100.001450,100.000000
2.241464,100.001450,100.000000
2.242646,100.001450,100.000000
2.243562,100.001450,100.000000
2.244523,100.001450,100.000000
2.245787,100.001450,100.000000
2.246589,100.001450,100.000000
2.247553,100.001450,100.000000
2.248888,100.001450,100.000000
2.249644,100.001450,100.000000
2.250713,100.001450,100.000000
2.251531,100.001450,100.000000
2.252486,100.001450,100.000000
2.253478,100.001450,100.000000
2.254501,100.001450,100.000000
2.255488,100.001450,100.000000
2.257039,100.001450,100.000000
2.257522,100.001450,100.000000
2.258460,100.001450,100.000000
2.259426,100.001450,100.000000
2.260429,100.001450,100.000000
2.261385,100.001450,100.000000
2.262437,100.001450,100.000000
2.263499,100.001450,100.000000
2.264482,100.001450,100.000000
2.265433,100.001450,100.000000
2.266597,100.001450,100.000000
2.267471,100.001450,100.000000
2.268395,100.001450,100.000000
2.269430,100.001450,100.000000
2.270485,100.001450,100.000000
2.271466,100.001450,100.000000
2.272553,100.001450,100.000000
2.273493,100.001450,100.000000
2.274435,100.001450,100.000000
2.275415,100.000694,100.000000
2.276514,99.999908,100.000000
2.277659,99.999062,100.000000
2.278668,99.999008,100.000000
2.279515,99.999008,100.000000
2.280580,99.999008,100.000000
2.281636,99.999008,100.000000
2.282528,99.999008,100.000000
2.283815,99.999008,100.000000
2.284805,99.999008,100.000000
2.285555,99.999008,100.000000
2.286469,99.999008,100.000000
2.287520,99.999008,100.000000
2.288478,99.999008,100.000000
2.289458,99.999008,100.000000
2.290437,99.999008,100.000000
2.291497,99.999008,100.000000
2.292464,99.999008,100.000000
2.293426,99.999008,100.000000
2.294438,99.999008,100.000000
2.295425,99.999008,100.000000
2.296404,99.999008,100.000000
2.297483,99.999008,100.000000
2.298643,99.999008,100.000000
2.299432,99.999008,100.000000
2.300492,99.999008,100.000000
2.301600,99.999008,100.000000
2.302501,99.999008,100.000000
2.303423,99.999008,100.000000
2.304426,99.999008,100.000000
2.305548,99.999008,100.000000
2.306496,99.999008,100.000000
2.307544,99.999008,100.000000
2.308576,99.999008,100.000000
2.309467,99.999008,100.000000
2.310401,99.999008,100.000000
2.311439,99.999008,100.000000
2.312650,99.999008,100.000000
2.313435,99.999008,100.000000
2.314503,99.999008,100.000000
2.315795,99.999008,100.000000
2.316501,99.999008,100.000000
2.317519,99.999008,100.000000
2.318501,99.999008,100.000000
2.319445,99.999008,100.000000
2.320430,99.999008,100.000000
2.321408,99.999008,100.000000
2.322494,99.999008,100.000000
2.323446,99.999008,100.000000
2.324405,99.999008,100.000000
2.325499,99.999008,100.000000
2.326445,99.999008,100.000000
2.327472,99.999008,100.000000
2.328412,99.999008,100.000000
2.329399,99.999008,100.000000
2.330391,99.999008,100.000000
2.331443,99.999008,100.000000
2.332449,99.999008,100.000000
2.333637,99.999008,100.000000
2.334599,99.999008,100.000000
2.335439,99.999008,100.000000
2.336537,99.999008,100.000000
2.337545,99.999008,100.000000
2.338510,99.999008,100.000000
2.339515,99.999008,100.000000
2.340708,99.999008,100.000000
2.341471,99.999008,100.000000
2.342465,99.999008,100.000000
2.343418,99.999008,100.000000
2.344464,99.999008,100.000000
2.345710,99.999008,100.000000
2.346579,99.999008,100.000000
2.347467,99.999008,100.000000
2.348459,99.999008,100.000000
2.349442,99.999008,100.000000
2.350466,99.999008,100.000000
2.351494,99.999008,100.000000
2.352482,99.999008,100.000000
2.353484,99.999008,100.000000
2.354439,99.999008,100.000000
2.355434,99.999008,100.000000
2.356452,99.999008,100.000000
2.357490,99.999008,100.000000
2.358482,99.999008,100.000000
2.359458,99.999008,100.000000
2.360458,99.999008,100.000000
2.361429,99.999008,100.000000
2.362478,99.999008,100.000000
2.363468,99.999008,100.000000
2.364440,99.999008,100.000000
2.365440,99.999008,100.000000
2.366402,99.999008,100.000000
2.367490,99.999008,100.000000
2.368475,99.999008,100.000000
2.369545,99.999008,100.000000
2.370720,99.999008,100.000000
2.371484,99.999008,100.000000
2.372419,99.999008,100.000000
2.373395,99.999008,100.000000
2.374523,99.999008,100.000000
2.375482,99.999008,100.000000
2.376489,99.999008,100.000000
2.377558,99.999008,100.000000
2.378772,99.999008,100.000000
2.379409,99.999008,100.000000
2.380442,99.999008,100.000000
2.381631,99.999008,100.000000
2.382408,99.999008,100.000000
2.383449,99.999008,100.000000
2.384408,99.999008,100.000000
2.385406,99.999008,100.000000
2.386407,99.999008,100.000000
2.387497,99.999008,100.000000
2.388493,99.999008,100.000000
2.389458,99.999008,100.000000
2.390421,99.999008,100.000000
2.391446,99.999008,100.000000
2.392403,99.999008,100.000000
2.393431,99.999008,100.000000
2.394455,99.999008,100.000000
2.395488,99.999008,100.000000
2.396540,99.999008,100.000000
2.397456,99.999008,100.000000
2.398459,99.999008,100.000000
2.399422,99.999008,100.000000
2.400462,99.999008,100.000000
2.401503,99.999008,100.000000
2.402527,99.999008,100.000000
2.403445,99.999008,100.000000
2.404469,99.999008,100.000000
2.405457,99.999008,100.000000
2.406415,99.999008,100.000000
2.407565,99.999008,100.000000
2.408437,99.999008,100.000000
2.409506,99.999008,100.000000
2.410492,99.999008,100.000000
2.411396,99.999008,100.000000
2.412434,99.999008,100.000000
2.413420,99.999008,100.000000
2.414415,99.999008,100.000000
2.415444,99.999008,100.000000
2.416523,99.999008,100.000000
2.417476,99.999008,100.000000
2.418509,99.999008,100.000000
2.419498,99.999008,100.000000
2.420513,99.999008,100.000000
2.421482,99.999008,100.000000
2.422584,99.999008,100.000000
2.423744,99.999008,100.000000
2.424468,99.999008,100.000000
2.425435,99.999008,100.000000
2.426482,99.999008,100.000000
2.427442,99.999008,100.000000
2.428484,99.999008,100.000000
2.429535,99.999008,100.000000
2.430857,99.999008,100.000000
2.431551,99.999008,100.000000
2.432473,99.999008,100.000000
2.433489,99.999008,100.000000
2.434407,99.999008,100.000000
2.435418,99.999008,100.000000
2.436427,99.999008,100.000000
2.437469,99.999008,100.000000
2.438434,99.999008,100.000000
2.439407,99.999008,100.000000
2.440395,99.999008,100.000000
2.441483,99.999008,100.000000
2.442443,99.999008,100.000000
2.443599,99.999008,100.000000
2.444574,99.999008,100.000000
2.445491,99.999008,100.000000
2.446433,99.999008,100.000000
2.447505,99.999008,100.000000
2.448465,99.999008,100.000000
2.449459,99.999008,100.000000
2.450589,99.999008,100.000000
2.451535,99.999008,100.000000
2.452678,99.999008,100.000000
2.453564,99.999008,100.000000
2.454488,99.999008,100.000000
2.455824,99.999008,100.000000
2.456474,99.999008,100.000000
2.457512,99.999008,100.000000
2.458604,99.999008,100.000000
2.459607,99.999008,100.000000
2.460523,99.999008,100.000000
2.461462,99.999008,100.000000
2.462566,99.999008,100.000000
2.463455,99.999687,100.000000
2.464474,100.000473,100.000000
2.465443,100.001244,100.000000
2.466437,100.002037,100.000000
2.467462,100.002609,100.000000
2.468475,100.002609,100.000000
2.469473,100.002609,100.000000
2.470490,100.002609,100.000000
2.471847,100.002609,100.000000
2.472619,100.002609,100.000000
2.473524,100.002609,100.000000
2.474635,100.002609,100.000000
2.475494,100.002609,100.000000
2.476422,100.002609,100.000000
2.477562,100.002609,100.000000
2.478585,100.002609,100.000000
2.479484,100.002609,100.000000
2.480677,100.002609,100.000000
2.481492,100.002609,100.000000
2.482481,100.002609,100.000000
2.483391,100.002609,100.000000
2.484459,100.002609,100.000000
2.485636,100.002609,100.000000
2.486445,100.002609,100.000000
2.487650,100.002609,100.000000
2.488519,100.002609,100.000000
2.489476,100.002609,100.000000
2.490465,100.002609,100.000000
2.491426,100.002609,100.000000
2.492533,100.002609,100.000000
2.493743,100.002609,100.000000
2.494493,100.002609,100.000000
2.495460,100.002609,100.000000
2.496464,100.002609,100.000000
2.497591,100.002609,100.000000
2.498465,100.002609,100.000000
2.499450,100.002609,100.000000
2.500461,100.002609,100.000000
2.501551,100.002609,100.000000
2.502522,100.002609,100.000000
2.503512,100.002609,100.000000
2.504431,100.002609,100.000000
2.505614,100.002609,100.000000
2.506814,100.002609,100.000000
2.507549,100.002609,100.000000
2.508642,100.002609,100.000000
2.509737,100.002609,100.000000
2.510834,100.002609,100.000000
2.511621,100.002609,100.000000
2.512602,100.002609,100.000000
2.513566,100.002609,100.000000
2.514471,100.002609,100.000000
2.515421,100.002609,100.000000
2.516436,100.002609,100.000000
2.517432,100.002609,100.000000
2.518532,100.002609,100.000000
2.519539,100.002609,100.000000
2.520503,100.002609,100.000000
2.521533,100.002609,100.000000
2.522429,100.002609,100.000000
2.523455,100.002281,100.000000
2.524404,100.001511,100.000000
2.525425,100.000740,100.000000
2.526480,99.999969,100.000000
2.527689,99.999138,100.000000
2.528700,99.998375,100.000000
2.529524,99.997749,100.000000
2.530424,99.997749,100.000000
2.531406,99.997749,100.000000
2.532410,99.997749,100.000000
2.533408,99.997749,100.000000
2.534466,99.997749,100.000000
2.535408,99.997749,100.000000
2.536533,99.997749,100.000000
2.537515,99.997749,100.000000
2.538423,99.997749,100.000000
2.539391,99.997749,100.000000
2.540487,99.997749,100.000000
2.541627,99.997749,100.000000
2.542501,99.997749,100.000000
2.543576,99.997749,100.000000
2.544498,99.997749,100.000000
2.545512,99.997749,100.000000
2.546473,99.997749,100.000000
2.547484,99.997749,100.000000
2.548506,99.997749,100.000000
2.549620,99.997749,100.000000
2.550479,99.997749,100.000000
2.551448,99.997749,100.000000
2.552686,99.997749,100.000000
2.553454,99.997749,100.000000
2.554605,99.997749,100.000000
2.555452,99.997749,100.000000
2.556563,99.997749,100.000000
2.557527,99.997749,100.000000
2.558467,99.997749,100.000000
2.559405,99.997749,100.000000
2.560407,99.997749,100.000000
2.561614,99.997749,100.000000
2.562434,99.997749,100.000000
2.563440,99.997749,100.000000
2.564416,99.997749,100.000000
2.565429,99.997749,100.000000
2.566397,99.997749,100.000000
2.567410,99.997749,100.000000
2.568740,99.997749,100.000000
2.569535,99.997749,100.000000
2.570444,99.997749,100.000000
2.571433,99.997749,100.000000
2.572433,99.997749,100.000000
2.573428,99.997749,100.000000
2.574453,99.997749,100.000000
2.575513,99.997749,100.000000
2.576493,99.997749,100.000000
2.577641,99.997749,100.000000
2.578448,99.997749,100.000000
2.579448,99.997749,100.000000
2.580497,99.997749,100.000000
2.581433,99.997749,100.000000
2.582443,99.997749,100.000000
2.583528,99.997749,100.000000
2.584441,99.997749,100.000000
2.585448,99.997749,100.000000
2.586424,99.997749,100.000000
2.587411,99.997749,100.000000
2.588404,99.998161,100.000000
2.589438,99.998947,100.000000
2.590411,99.999710,100.000000
2.591391,100.000481,100.000000
2.592446,100.001266,100.000000
2.593407,100.002029,100.000000
2.594397,100.002396,100.000000
2.595424,100.002396,100.000000
2.596437,100.002396,100.000000
2.597455,100.002396,100.000000
2.598432,100.002396,100.000000
2.599613,100.002396,100.000000
2.600438,100.002396,100.000000
2.601429,100.002396,100.000000
2.602454,100.002396,100.000000
2.603645,100.002396,100.000000
2.604479,100.002396,100.000000
2.605506,100.002396,100.000000
2.606892,100.002396,100.000000
2.607497,100.002396,100.000000
2.608458,100.002396,100.000000
2.609415,100.002396,100.000000
2.610584,100.002396,100.000000
2.611487,100.002396,100.000000
2.612471,100.002396,100.000000
2.613469,100.002396,100.000000
2.614485,100.002396,100.000000
2.615485,100.002396,100.000000
2.616506,100.002396,100.000000
2.617545,100.002396,100.000000
2.618515,100.002396,100.000000
2.619432,100.002396,100.000000
2.620430,100.002396,100.000000
2.621408,100.002396,100.000000
2.622418,100.002396,100.000000
2.623415,100.002396,100.000000
2.624503,100.002396,100.000000
2.625459,100.002396,100.000000
2.626424,100.002396,100.000000
2.627437,100.002396,100.000000
2.628433,100.002396,100.000000
2.629538,100.002396,100.000000
2.630476,100.002396,100.000000
2.631877,100.002396,100.000000
2.632544,100.002396,100.000000
2.633493,100.002396,100.000000
2.634544,100.002396,100.000000
2.635481,100.002396,100.000000
2.636464,100.002396,100.000000
2.637526,100.002396,100.000000
2.638749,100.002396,100.000000
2.639545,100.002396,100.000000
2.640522,100.002396,100.000000
2.641461,100.002396,100.000000
2.642573,100.002396,100.000000
2.643624,100.002396,100.000000
2.644574,100.002396,100.000000
2.645619,100.002396,100.000000
2.646480,100.002396,100.000000
2.647457,100.002396,100.000000
2.648461,100.002396,100.000000
2.649503,100.002396,100.000000
2.650414,100.002281,100.000000
2.651488,100.001511,100.000000
2.652553,100.000694,100.000000
2.653442,99.999947,100.000000
2.654410,99.999184,100.000000
2.655407,99.998405,100.000000
2.656455,99.997856,100.000000
2.657439,99.997856,100.000000
2.658485,99.997856,100.000000
2.659638,99.997856,100.000000
2.660496,99.997856,100.000000
2.661470,99.997856,100.000000
2.662666,99.997856,100.000000
2.663510,99.997856,100.000000
2.664409,99.997856,100.000000
2.665478,99.997856,100.000000
2.666643,99.997856,100.000000
2.667598,99.997856,100.000000
2.668503,99.997856,100.000000
2.669514,99.997856,100.000000
2.670458,99.997856,100.000000
2.671441,99.997856,100.000000
2.672478,99.997856,100.000000
2.673548,99.997856,100.000000
2.674588,99.997856,100.000000
2.675431,99.997856,100.000000
2.676453,99.997856,100.000000
2.677392,99.997856,100.000000
2.678521,99.997856,100.000000
2.679484,99.997856,100.000000
2.680561,99.997856,100.000000
2.681505,99.997856,100.000000
2.682407,99.997856,100.000000
2.683469,99.997856,100.000000
2.684408,99.997856,100.000000
2.685408,99.997856,100.000000
2.686458,99.997856,100.000000
2.687515,99.997856,100.000000
2.688580,99.997856,100.000000
2.689438,99.997856,100.000000
2.690440,99.997856,100.000000
2.691459,99.997856,100.000000
2.692405,99.997856,100.000000
2.693577,99.997856,100.000000
2.694531,99.997856,100.000000
2.695463,99.997856,100.000000
2.696575,99.997856,100.000000
2.697903,99.997856,100.000000
2.698426,99.997856,100.000000
2.699482,99.997856,100.000000
2.700842,99.997856,100.000000
2.701607,99.997856,100.000000
2.702501,99.997856,100.000000
2.703508,99.997856,100.000000
2.704437,99.997856,100.000000
2.705406,99.997856,100.000000
2.706438,99.997856,100.000000
2.707731,99.997856,100.000000
2.708623,99.997856,100.000000
2.709808,99.997856,100.000000
2.710802,99.997856,100.000000
2.711611,99.997856,100.000000
2.712554,99.997856,100.000000
2.713653,99.997856,100.000000
2.714517,99.997856,100.000000
2.715539,99.997856,100.000000
2.716538,99.997856,100.000000
2.717479,99.997856,100.000000
2.718552,99.997856,100.000000
2.719484,99.997856,100.000000
2.720409,99.997856,100.000000
2.721500,99.998589,100.000000
2.722513,99.999367,100.000000
2.723653,100.000153,100.000000
2.724453,100.000908,100.000000
2.725459,100.001694,100.000000
2.726670,100.002449,100.000000
2.727598,100.003311,100.000000
2.728556,100.003441,100.000000
2.729552,100.003441,100.000000
2.730704,100.003441,100.000000
2.731580,100.003441,100.000000
2.732607,100.003441,100.000000
2.733489,100.003441,100.000000
2.734561,100.003441,100.000000
2.735458,100.003441,100.000000
2.736488,100.003441,100.000000
2.737587,100.003441,100.000000
2.738508,100.003441,100.000000
2.739483,100.003441,100.000000
2.740470,100.003441,100.000000
2.741467,100.003441,100.000000
2.742652,100.003441,100.000000
2.743459,100.003441,100.000000
2.744448,100.003441,100.000000
2.745436,100.003441,100.000000
2.746418,100.003441,100.000000
2.747434,100.003441,100.000000
2.748409,100.003441,100.000000
2.749508,100.003441,100.000000
2.750513,100.003441,100.000000
2.751475,100.003441,100.000000
2.752473,100.003441,100.000000
2.753519,100.003441,100.000000
2.754440,100.003441,100.000000
2.755440,100.003441,100.000000
2.756540,100.003441,100.000000
2.757497,100.003441,100.000000
2.758529,100.003441,100.000000
2.759642,100.003426,100.000000
2.760463,100.002670,100.000000
2.761469,100.001900,100.000000
2.762448,100.001144,100.000000
2.763452,100.000343,100.000000
2.764402,99.999588,100.000000
2.765476,99.998802,100.000000
2.766434,99.998024,100.000000
2.767590,99.997719,100.000000
2.768486,99.997719,100.000000
2.769449,99.997719,100.000000
2.770449,99.997719,100.000000
2.771638,99.997719,100.000000
2.772435,99.997719,100.000000
2.773462,99.997719,100.000000
2.774595,99.997719,100.000000
2.775434,99.997719,100.000000
2.776508,99.997719,100.000000
2.777773,99.997719,100.000000
2.778511,99.997719,100.000000
2.779497,99.997719,100.000000
2.780587,99.997719,100.000000
2.781558,99.997719,100.000000
2.782522,99.997719,100.000000
2.783510,99.997719,100.000000
2.784464,99.997719,100.000000
2.785535,99.997719,100.000000
2.786729,99.997719,100.000000
2.787529,99.997719,100.000000
2.788620,99.997719,100.000000
2.789543,99.997719,100.000000
2.790630,99.997719,100.000000
2.791546,99.997719,100.000000
2.792692,99.997719,100.000000
2.793788,99.997719,100.000000
2.794634,99.997719,100.000000
2.795607,99.997719,100.000000
2.796551,99.997719,100.000000
2.797663,99.997719,100.000000
2.798709,99.997719,100.000000
2.799732,99.997719,100.000000
2.800705,99.997719,100.000000
2.801637,99.997719,100.000000
2.802600,99.997719,100.000000
2.803435,99.997719,100.000000
2.804632,99.997719,100.000000
2.805672,99.997719,100.000000
2.806532,99.997719,100.000000
2.807649,99.997719,100.000000
2.808542,99.997719,100.000000
2.809482,99.997719,100.000000
2.810653,99.997719,100.000000
2.811521,99.997719,100.000000
2.812891,99.997719,100.000000
2.813845,99.997719,100.000000
2.814624,99.997719,100.000000
2.815882,99.997719,100.000000
2.816505,99.997719,100.000000
2.817637,99.997818,100.000000
2.818593,99.998596,100.000000
2.819681,99.999374,100.000000
2.820591,100.000137,100.000000
2.821742,100.000885,100.000000
2.822490,100.001663,100.000000
2.823496,100.002403,100.000000
2.824533,100.002403,100.000000
2.825528,100.002403,100.000000
2.826468,100.002403,100.000000
2.827522,100.002403,100.000000
2.828555,100.002403,100.000000
2.829520,100.002403,100.000000
2.830402,100.002403,100.000000
2.831407,100.002403,100.000000
2.832494,100.002403,100.000000
2.833498,100.002403,100.000000
2.834560,100.002403,100.000000
2.835491,100.002403,100.000000
2.836657,100.002403,100.000000
2.837636,100.002403,100.000000
2.838464,100.002403,100.000000
2.839526,100.002403,100.000000
2.840565,100.002403,100.000000
2.841466,100.002403,100.000000
2.842454,100.002403,100.000000
2.843438,100.002403,100.000000
2.844443,100.002403,100.000000
2.845457,100.002403,100.000000
2.846556,100.002403,100.000000
2.847752,100.002403,100.000000
2.848606,100.002403,100.000000
2.849490,100.002403,100.000000
2.850460,100.002403,100.000000
2.851703,100.002403,100.000000
2.852423,100.002403,100.000000
2.853569,100.002403,100.000000
2.854645,100.002403,100.000000
2.855497,100.002403,100.000000
2.856432,100.002403,100.000000
2.857479,100.002403,100.000000
2.858487,100.002403,100.000000
2.859527,100.002403,100.000000
2.860697,100.002403,100.000000
2.861460,100.002403,100.000000
2.862489,100.002403,100.000000
2.863529,100.002403,100.000000
2.864447,100.002403,100.000000
2.865431,100.002403,100.000000
2.866491,100.002403,100.000000
2.867745,100.002403,100.000000
2.868530,100.002403,100.000000
2.869671,100.002403,100.000000
2.870563,100.002403,100.000000
2.871462,100.002403,100.000000
2.872428,100.002403,100.000000
2.873519,100.002403,100.000000
2.874511,100.002403,100.000000
2.875475,100.002403,100.000000
2.876538,100.002403,100.000000
2.877541,100.002403,100.000000
2.878592,100.002403,100.000000
2.879463,100.002403,100.000000
2.880538,100.002037,100.000000
2.881550,100.001198,100.000000
2.882452,100.000481,100.000000
2.883748,99.999680,100.000000
2.884528,99.998886,100.000000
2.885480,99.998154,100.000000
2.886492,99.997391,100.000000
2.888042,99.997070,100.000000
2.888761,99.997070,100.000000
2.889686,99.997070,100.000000
2.890484,99.997070,100.000000
2.891530,99.997070,100.000000
2.892486,99.997070,100.000000
2.893473,99.997070,100.000000
2.894504,99.997070,100.000000
2.895552,99.997070,100.000000
2.896463,99.997070,100.000000
2.897471,99.997070,100.000000
2.898570,99.997070,100.000000
2.899483,99.997070,100.000000
2.900418,99.997070,100.000000
2.901429,99.997070,100.000000
2.902460,99.997070,100.000000
2.903455,99.997070,100.000000
2.904412,99.997070,100.000000
2.905441,99.997070,100.000000
2.906408,99.997070,100.000000
2.907639,99.997070,100.000000
2.908461,99.997070,100.000000
2.909489,99.997070,100.000000
2.910503,99.997070,100.000000
2.911505,99.997070,100.000000
2.912419,99.997070,100.000000
2.913416,99.997070,100.000000
2.914471,99.997070,100.000000
2.915549,99.997070,100.000000
2.916596,99.997070,100.000000
2.917601,99.997070,100.000000
2.918654,99.997070,100.000000
2.919636,99.997070,100.000000
2.920651,99.997070,100.000000
2.921470,99.997070,100.000000
2.922489,99.997070,100.000000
2.923843,99.997070,100.000000
2.924477,99.997314,100.000000
2.925496,99.998116,100.000000
2.926464,99.998856,100.000000
2.927483,99.999657,100.000000
2.928418,100.000404,100.000000
2.929575,100.001190,100.000000
2.930584,100.001968,100.000000
2.931500,100.002556,100.000000
2.932439,100.002556,100.000000
2.933444,100.002556,100.000000
2.934411,100.002556,100.000000
2.935416,100.002556,100.000000
2.936808,100.002556,100.000000
2.937553,100.002556,100.000000
2.938484,100.002556,100.000000
2.939456,100.002556,100.000000
2.940499,100.002556,100.000000
2.941455,100.002556,100.000000
2.942454,100.002556,100.000000
2.943519,100.002556,100.000000
2.944591,100.002556,100.000000
2.945539,100.002556,100.000000
2.946443,100.002556,100.000000
2.947563,100.002556,100.000000
2.948505,100.002556,100.000000
2.949428,100.002556,100.000000
2.950562,100.002556,100.000000
2.951626,100.002556,100.000000
2.952463,100.002556,100.000000
2.953477,100.002556,100.000000
2.954438,100.002556,100.000000
2.955442,100.002556,100.000000
2.956436,100.002556,100.000000
2.957705,100.002556,100.000000
2.958798,100.002556,100.000000
2.959555,100.002556,100.000000
2.960447,100.002556,100.000000
2.961434,100.002556,100.000000
2.962425,100.002556,100.000000
2.963395,100.002556,100.000000
2.964656,100.002556,100.000000
2.965509,100.002556,100.000000
2.966456,100.002556,100.000000
2.967430,100.002556,100.000000
2.968442,100.002556,100.000000
2.969417,100.002556,100.000000
2.970406,100.002556,100.000000
2.971473,100.002556,100.000000
2.972401,100.002556,100.000000
2.973515,100.002556,100.000000
2.974563,100.002556,100.000000
2.975917,100.002556,100.000000
2.976505,100.002289,100.000000
2.977532,100.001503,100.000000
2.978627,100.000664,100.000000
2.979611,99.999924,100.000000
2.980546,99.999168,100.000000
2.981482,99.998398,100.000000
2.982645,99.997627,100.000000
2.983528,99.997177,100.000000
2.984432,99.997177,100.000000
2.985462,99.997177,100.000000
2.986513,99.997177,100.000000
2.987470,99.997177,100.000000
2.988430,99.997177,100.000000
2.989456,99.997177,100.000000
2.990851,99.997177,100.000000
2.991743,99.997177,100.000000
2.992656,99.997177,100.000000
2.993594,99.997177,100.000000
2.994474,99.997177,100.000000
2.995395,99.997177,100.000000
2.996400,99.997177,100.000000
2.997431,99.997177,100.000000
2.998456,99.997177,100.000000
2.999503,99.997177,100.000000
3.000437,99.997177,100.000000
3.001505,99.997177,100.000000
3.002505,99.997177,100.000000
3.003475,99.997177,100.000000
3.004435,99.997177,100.000000
3.005477,99.997177,100.000000
3.006643,99.997177,100.000000
3.007464,99.997177,100.000000
3.008634,99.997177,100.000000
3.009492,99.997177,100.000000
3.010543,99.997177,100.000000
3.011648,99.997177,100.000000
3.012473,99.997177,100.000000
3.013533,99.997177,100.000000
3.014590,99.997177,100.000000
3.015625,99.997177,100.000000
3.016545,99.997177,100.000000
3.017461,99.997177,100.000000
3.018430,99.997177,100.000000
3.019519,99.997177,100.000000
3.020576,99.997177,100.000000
3.021484,99.997177,100.000000
3.022651,99.997177,100.000000
3.023539,99.997177,100.000000
3.024436,99.997177,100.000000
3.025451,99.997177,100.000000
3.026537,99.997177,100.000000
3.027553,99.997704,100.000000
3.028458,99.998436,100.000000
3.029545,99.999199,100.000000
3.030517,99.999977,100.000000
3.031477,100.000748,100.000000
3.032480,100.001511,100.000000
3.033453,100.002289,100.000000
3.034460,100.002518,100.000000
3.035429,100.002518,100.000000
3.036533,100.002518,100.000000
3.037450,100.002518,100.000000
3.038688,100.002518,100.000000
3.039465,100.002518,100.000000
3.040523,100.002518,100.000000
3.041511,100.002518,100.000000
3.042517,100.002518,100.000000
3.043493,100.002518,100.000000
3.044468,100.002518,100.000000
3.045442,100.002518,100.000000
3.046638,100.002518,100.000000
3.047484,100.002518,100.000000
3.048667,100.002518,100.000000
3.049639,100.002518,100.000000
3.050557,100.002518,100.000000
3.051464,100.002518,100.000000
3.052490,100.002518,100.000000
3.053632,100.002518,100.000000
3.054597,100.002518,100.000000
3.056095,100.002518,100.000000
3.056794,100.002518,100.000000
3.057516,100.002518,100.000000
3.058472,100.002518,100.000000
3.059426,100.002518,100.000000
3.060458,100.002518,100.000000
3.061424,100.002518,100.000000
3.062772,100.002518,100.000000
3.063445,100.002518,100.000000
3.064441,100.002518,100.000000
3.065433,100.002518,100.000000
3.066524,100.002518,100.000000
3.067493,100.002518,100.000000
3.068491,100.002518,100.000000
3.069492,100.002518,100.000000
3.070754,100.002518,100.000000
3.071392,100.002518,100.000000
3.072413,100.002518,100.000000
3.073442,100.002518,100.000000
3.074431,100.002518,100.000000
3.075515,100.002518,100.000000
3.076674,100.002518,100.000000
3.077592,100.002518,100.000000
3.078456,100.002518,100.000000
3.079662,100.002518,100.000000
3.080726,100.001892,100.000000
3.081446,100.001190,100.000000
3.082510,100.000404,100.000000
3.083561,99.999619,100.000000
3.084633,99.999054,100.000000
3.085547,99.999054,100.000000
3.086459,99.999054,100.000000
3.087454,99.999054,100.000000
3.088437,99.999054,100.000000
3.089929,99.999054,100.000000
3.090820,99.999054,100.000000
3.091631,99.999054,100.000000
3.092540,99.999054,100.000000
3.093495,99.999054,100.000000
3.094423,99.999054,100.000000
3.095404,99.999054,100.000000
3.096621,99.999054,100.000000
3.097490,99.999054,100.000000
3.098553,99.999054,100.000000
3.099469,99.999054,100.000000
3.100766,99.999054,100.000000
3.101446,99.999054,100.000000
3.102472,99.999054,100.000000
3.103598,99.999054,100.000000
3.104583,99.999054,100.000000
3.105491,99.999054,100.000000
3.106588,99.999054,100.000000
3.107493,99.999054,100.000000
3.108775,99.999054,100.000000
3.109513,99.999054,100.000000
